customer_id,tenure_months,monthly_spend,interactions_30d,plan
1,56,36.88,0,basic
2,37,58.57,1,plus
3,41,53.69,3,basic
4,53,51.24,1,pro
5,35,54.12,2,pro
6,46,48.52,4,plus
7,50,47.65,3,plus
8,14,34.81,2,plus
9,4,54.64,1,basic
10,18,77.15,1,plus
11,17,78.77,2,basic
12,52,70.86,1,plus
13,54,63.47,5,plus
14,1,46.88,0,basic
15,30,72.31,1,basic
16,49,54.33,0,plus
17,8,54.17,3,pro
18,48,51.51,2,basic
19,8,56.1,5,plus
20,28,49.78,1,plus
21,49,53.99,1,plus
22,18,41.98,0,basic
23,21,50.52,3,plus
24,17,82.37,6,plus
25,43,54.16,1,plus
26,16,52.14,1,plus
27,59,61.39,1,plus
28,27,63.5,2,basic
29,29,41.63,3,basic
30,30,52.51,1,plus
31,35,66.02,2,basic
32,33,58.24,3,basic
33,31,56.46,0,pro
34,59,73.65,0,basic
35,48,46.87,4,plus
36,47,55.99,1,basic
37,42,48.76,6,plus
38,37,72.88,2,plus
39,21,31.58,1,plus
40,59,46.96,0,plus
41,28,48.65,3,plus
42,13,62.96,2,plus
43,50,62.28,1,basic
44,10,71.74,5,basic
45,51,36.11,4,plus
46,37,64.01,3,basic
47,7,51.48,3,pro
48,3,47.01,1,basic
49,27,61.47,1,plus
50,3,43.96,1,basic
51,9,30.08,2,plus
52,31,50.56,1,plus
53,58,37.03,2,basic
54,28,47.21,2,plus
55,48,59.46,3,plus
56,55,58.74,4,plus
57,49,74.04,4,plus
58,38,52.6,4,basic
59,27,36.6,1,pro
60,31,45.93,2,basic
61,16,43.97,1,basic
62,30,40.39,2,plus
63,23,60.22,0,pro
64,15,47.26,3,pro
65,59,31.27,3,plus
66,1,63.36,2,basic
67,6,53.66,6,plus
68,12,59.28,2,plus
69,58,56.27,2,plus
70,41,62.58,1,plus
71,53,55.46,4,plus
72,12,69.83,1,pro
73,43,60.1,3,plus
74,22,59.7,6,pro
75,29,59.92,2,plus
76,1,37.52,2,basic
77,37,53.02,5,plus
78,49,51.89,0,plus
79,40,57.49,4,basic
80,10,38.7,5,basic
81,32,74.61,3,basic
82,16,56.25,0,plus
83,57,40.46,2,basic
84,52,34.49,0,basic
85,11,51.62,1,pro
86,31,53.92,6,pro
87,56,46.38,3,pro
88,50,56.11,2,plus
89,42,47.31,2,plus
90,38,61.62,2,plus
91,3,46.31,5,plus
92,44,54.54,2,plus
93,28,66.75,4,basic
94,6,85.86,5,basic
95,15,42.91,0,plus
96,32,49.43,2,plus
97,43,44.92,2,pro
98,30,64.41,0,basic
99,37,41.22,0,basic
100,52,49.19,2,basic
101,41,54.64,5,basic
102,22,43.26,4,basic
103,38,43.51,0,plus
104,36,49.29,4,pro
105,7,29.79,2,basic
106,4,37.65,1,basic
107,39,50.04,2,plus
108,23,56.78,0,basic
109,36,52.77,1,basic
110,20,33.71,4,pro
111,14,49.43,2,basic
112,9,64.58,2,basic
113,23,61.67,0,plus
114,49,54.06,1,plus
115,24,44.35,2,pro
116,23,62.57,1,plus
117,34,48.05,2,basic
118,58,40.97,3,basic
119,24,45.37,3,plus
120,35,72.38,0,plus
121,26,57.64,0,basic
122,36,68.91,2,basic
123,27,49.25,3,basic
124,38,66.26,1,basic
125,33,47.78,0,basic
126,40,53.11,2,basic
127,57,84.84,4,plus
128,9,64.21,5,basic
129,34,48.99,1,plus
130,26,53.98,1,plus
131,22,58.91,0,basic
132,15,69.53,0,pro
133,4,49.13,1,plus
134,24,34.1,1,plus
135,49,51.64,0,basic
136,6,55.18,5,pro
137,24,56.31,1,plus
138,58,70.8,2,basic
139,57,58.8,2,basic
140,13,64.76,3,basic
141,1,41.79,6,basic
142,40,65.41,4,basic
143,1,80.15,2,basic
144,18,64.27,4,plus
145,30,58.04,3,basic
146,52,56.85,1,basic
147,6,76.45,1,basic
148,40,43.87,1,basic
149,32,53.67,1,basic
150,8,60.52,0,basic
151,50,63.93,0,plus
152,50,49.75,1,basic
153,29,58.69,2,pro
154,56,51.66,2,pro
155,36,56.45,2,plus
156,54,53.41,2,basic
157,57,41.3,1,basic
158,34,54.75,4,plus
159,17,65.53,3,pro
160,9,43.4,1,pro
161,34,52.11,2,plus
162,12,62.98,3,pro
163,45,42.16,3,basic
164,55,57.19,1,plus
165,15,42.28,0,basic
166,33,68.62,2,basic
167,3,82.75,0,plus
168,11,79.27,0,plus
169,23,52.37,2,pro
170,53,63.88,4,basic
171,58,56.45,1,basic
172,38,56.23,1,basic
173,35,73.57,2,basic
174,34,39.17,1,basic
175,4,67.66,1,basic
176,23,54.41,3,pro
177,59,71.9,3,basic
178,25,57.25,3,basic
179,13,46.93,1,basic
180,15,58.33,1,basic
181,43,63.83,4,basic
182,3,55.43,1,plus
183,58,60.86,2,basic
184,52,48.74,4,basic
185,34,29.39,4,plus
186,28,65.8,2,basic
187,45,63.39,1,pro
188,33,56.78,1,basic
189,29,55.82,0,basic
190,20,67.44,1,pro
191,27,49.51,2,basic
192,45,46.52,2,basic
193,4,52.74,1,basic
194,2,69.27,1,plus
195,43,38.35,2,basic
196,22,69.3,2,basic
197,48,47.33,1,plus
198,2,41.79,1,plus
199,54,70.12,1,basic
200,8,53.84,2,plus
201,25,39.4,2,plus
202,58,50.7,3,plus
203,7,66.17,4,basic
204,39,69.3,0,plus
205,43,49.87,3,plus
206,26,59.88,2,basic
207,5,63.57,0,pro
208,31,47.26,4,basic
209,26,59.26,1,plus
210,52,54.62,0,basic
211,41,48.57,0,plus
212,21,49.09,2,plus
213,4,55.8,6,plus
214,35,55.36,2,basic
215,17,48.21,1,basic
216,41,49.89,3,plus
217,51,68.36,1,plus
218,21,57.57,4,plus
219,54,65.62,0,pro
220,31,69.42,0,plus
221,32,62.07,2,pro
222,46,82.25,1,basic
223,47,45.1,2,pro
224,54,64.7,5,plus
225,59,51.18,2,pro
226,9,77.27,2,basic
227,25,75.41,1,plus
228,56,31.55,3,pro
229,19,43.37,2,plus
230,1,62.97,1,basic
231,34,64.48,1,basic
232,45,63.84,2,pro
233,44,54.15,2,plus
234,48,60.46,1,basic
235,38,62.84,1,basic
236,9,54.07,2,plus
237,50,67.33,4,basic
238,25,27.89,0,basic
239,50,62.61,4,plus
240,49,42.59,4,basic
241,58,66.5,5,basic
242,1,52.26,0,pro
243,52,44.33,2,basic
244,38,59.49,4,basic
245,29,44.06,2,plus
246,47,44.05,3,plus
247,57,36.19,2,basic
248,31,54.68,2,pro
249,6,60.96,1,basic
250,43,67.28,3,basic
251,14,53.3,2,plus
252,14,67.57,2,plus
253,12,55.22,3,basic
254,12,53.88,4,plus
255,54,61.88,0,basic
256,22,67.7,3,basic
257,7,50.9,2,plus
258,11,52.07,1,plus
259,24,53.07,1,basic
260,21,55.99,3,basic
261,19,44.2,3,basic
262,56,67.34,2,basic
263,52,50.2,2,plus
264,34,60.55,3,plus
265,59,45.09,3,plus
266,21,59.31,4,pro
267,9,59.7,3,plus
268,17,49.95,2,plus
269,6,79.25,0,plus
270,57,59.45,0,plus
271,13,76.32,4,plus
272,27,66.51,3,pro
273,12,47.05,0,basic
274,58,50.41,2,plus
275,10,60.23,2,basic
276,31,55.73,2,basic
277,57,55.59,2,pro
278,31,51.57,4,basic
279,54,33.3,2,plus
280,53,52.29,1,basic
281,46,28.38,2,plus
282,44,59.46,0,basic
283,35,46.29,1,plus
284,35,46.41,0,pro
285,50,52.37,2,plus
286,26,58.27,4,plus
287,56,37.82,2,plus
288,52,34.02,2,basic
289,23,42.21,2,plus
290,25,30.5,2,basic
291,43,43.4,2,basic
292,55,74.09,2,plus
293,6,42.32,4,pro
294,5,62.82,3,plus
295,15,38.54,1,plus
296,26,58.59,2,basic
297,10,51.16,0,plus
298,31,54.28,1,basic
299,32,61.83,1,plus
300,57,76.07,2,plus
301,45,57.34,4,plus
302,15,56.49,1,basic
303,47,43.32,5,basic
304,48,62.0,1,basic
305,41,52.05,4,basic
306,40,64.98,3,plus
307,19,54.48,1,basic
308,43,75.89,3,basic
309,8,31.21,1,plus
310,38,51.44,3,basic
311,55,65.58,2,plus
312,58,50.79,1,basic
313,18,45.49,0,basic
314,20,51.81,1,plus
315,37,38.44,3,pro
316,24,56.43,4,basic
317,44,84.29,2,basic
318,12,68.74,3,basic
319,10,41.69,4,plus
320,3,44.52,0,pro
321,28,50.14,2,basic
322,13,67.05,1,basic
323,18,45.14,1,basic
324,55,46.72,3,basic
325,49,65.62,3,plus
326,50,65.38,3,plus
327,36,50.51,0,plus
328,7,41.59,0,basic
329,45,36.4,2,basic
330,36,46.61,4,pro
331,54,28.23,2,basic
332,29,64.0,2,basic
333,11,47.44,3,basic
334,36,60.78,2,plus
335,27,77.42,3,plus
336,39,69.08,0,plus
337,23,41.19,3,plus
338,19,65.43,4,plus
339,8,68.89,1,plus
340,57,46.04,2,basic
341,45,43.56,0,basic
342,28,53.68,1,basic
343,14,35.78,2,basic
344,38,72.65,1,pro
345,25,26.14,2,plus
346,38,41.72,4,basic
347,6,51.77,4,plus
348,11,52.27,1,basic
349,44,56.99,2,plus
350,4,58.26,2,pro
351,40,52.44,6,basic
352,25,68.64,1,plus
353,1,29.33,3,plus
354,46,55.0,5,pro
355,42,46.42,1,basic
356,49,56.59,5,plus
357,53,57.65,3,basic
358,44,44.06,7,plus
359,50,47.31,3,pro
360,7,64.51,0,plus
361,55,59.19,3,basic
362,54,46.84,2,pro
363,41,79.48,0,plus
364,48,82.71,3,plus
365,44,37.45,2,pro
366,52,58.62,1,plus
367,53,85.11,3,basic
368,31,64.41,3,basic
369,49,57.65,0,plus
370,55,52.5,2,basic
371,18,48.51,0,basic
372,3,52.45,4,basic
373,11,48.39,5,basic
374,2,63.94,3,basic
375,26,50.22,4,basic
376,2,49.71,1,plus
377,16,40.57,3,basic
378,15,54.4,0,basic
379,42,44.27,4,plus
380,15,52.83,2,plus
381,57,67.5,2,plus
382,12,59.39,2,basic
383,58,61.06,3,plus
384,34,59.27,0,basic
385,15,55.71,0,basic
386,3,53.47,3,basic
387,19,51.31,3,plus
388,35,64.11,2,plus
389,7,41.99,3,pro
390,10,71.09,1,plus
391,7,55.41,1,basic
392,40,46.02,2,plus
393,6,49.13,2,basic
394,2,46.88,1,plus
395,27,56.92,2,plus
396,19,46.39,0,basic
397,34,68.71,2,plus
398,56,45.62,6,basic
399,51,27.73,1,basic
400,32,46.23,2,basic
401,38,30.9,1,plus
402,48,54.52,0,plus
403,26,67.71,2,basic
404,39,62.77,2,plus
405,13,38.95,4,pro
406,37,45.85,1,pro
407,14,76.34,1,plus
408,12,58.82,2,basic
409,45,55.05,0,basic
410,34,67.67,1,plus
411,23,84.43,1,pro
412,3,70.56,2,pro
413,14,56.67,1,basic
414,48,59.26,2,basic
415,28,62.4,1,basic
416,57,47.65,1,plus
417,54,42.3,2,pro
418,51,55.63,2,plus
419,1,43.63,2,basic
420,3,54.26,3,plus
421,35,56.15,2,basic
422,20,83.09,0,plus
423,50,44.79,4,basic
424,19,53.54,6,basic
425,10,53.03,1,basic
426,7,60.25,3,basic
427,18,67.56,0,basic
428,37,49.11,2,pro
429,8,45.14,0,plus
430,48,35.31,2,basic
431,18,43.89,1,pro
432,19,61.44,2,basic
433,40,55.55,2,basic
434,51,42.81,3,pro
435,26,50.53,1,pro
436,48,55.38,3,plus
437,18,61.04,2,basic
438,8,47.88,4,plus
439,49,51.99,3,basic
440,46,33.18,4,basic
441,45,41.18,6,pro
442,53,74.41,3,basic
443,30,28.74,0,basic
444,12,50.95,2,basic
445,35,57.63,3,plus
446,34,50.51,0,plus
447,23,45.3,2,basic
448,38,54.27,0,basic
449,16,54.94,1,pro
450,36,54.01,2,basic
451,47,32.47,3,basic
452,6,53.23,2,plus
453,27,44.74,2,basic
454,40,48.43,2,plus
455,4,57.72,1,basic
456,38,62.69,1,basic
457,54,65.76,2,plus
458,49,49.04,3,plus
459,41,66.09,1,basic
460,48,69.08,2,basic
461,22,68.64,4,pro
462,20,71.68,2,basic
463,5,53.25,2,basic
464,43,52.91,0,basic
465,19,64.9,1,basic
466,52,38.6,1,basic
467,28,57.51,3,pro
468,53,48.63,0,basic
469,9,50.57,3,plus
470,10,34.1,2,plus
471,21,44.31,0,basic
472,2,54.75,1,basic
473,30,65.66,1,plus
474,39,66.88,2,plus
475,40,54.04,2,basic
476,13,52.73,0,basic
477,10,45.03,3,pro
478,34,59.83,0,plus
479,38,52.03,0,plus
480,56,62.27,4,pro
481,53,76.02,1,basic
482,23,54.61,2,basic
483,10,37.03,3,plus
484,15,44.67,2,basic
485,53,37.5,1,basic
486,27,40.63,2,plus
487,59,70.66,3,pro
488,39,57.72,1,pro
489,36,36.76,2,plus
490,6,62.84,2,basic
491,35,70.12,2,plus
492,23,50.68,2,basic
493,50,46.89,2,basic
494,8,50.95,6,basic
495,12,58.42,3,plus
496,40,62.68,3,pro
497,41,69.19,0,plus
498,50,69.55,1,basic
499,31,69.22,1,plus
500,23,71.34,1,basic
501,19,62.94,3,plus
502,22,36.63,2,basic
503,40,53.43,1,basic
504,32,58.77,1,basic
505,18,50.4,1,basic
506,13,65.94,0,basic
507,42,50.68,2,basic
508,15,43.89,1,basic
509,13,72.33,1,plus
510,20,62.99,1,pro
511,51,57.63,3,plus
512,27,66.12,2,plus
513,36,67.75,3,basic
514,5,59.09,1,basic
515,21,25.51,4,plus
516,45,46.89,2,basic
517,46,49.52,2,basic
518,35,43.19,1,plus
519,52,57.38,3,basic
520,18,69.31,0,plus
521,10,49.18,2,plus
522,5,41.38,1,plus
523,12,79.34,1,pro
524,46,49.58,3,basic
525,54,40.2,0,basic
526,8,57.85,1,plus
527,30,60.11,1,pro
528,8,46.54,3,basic
529,50,64.49,4,plus
530,8,49.15,1,pro
531,38,43.92,1,basic
532,5,57.14,1,plus
533,44,64.25,1,plus
534,54,47.39,2,basic
535,44,58.97,2,plus
536,16,53.88,1,pro
537,50,88.89,1,basic
538,19,46.5,1,basic
539,45,71.61,3,plus
540,50,54.37,3,basic
541,29,53.48,4,plus
542,37,63.66,0,basic
543,51,65.73,0,pro
544,12,70.2,2,pro
545,2,58.94,0,plus
546,26,47.8,0,pro
547,11,48.55,1,plus
548,53,61.12,2,basic
549,52,61.97,2,plus
550,23,71.78,1,plus
551,19,60.02,1,basic
552,42,67.72,1,plus
553,27,73.2,1,basic
554,6,56.98,3,plus
555,40,37.17,2,basic
556,43,40.85,0,basic
557,5,37.75,2,pro
558,46,74.1,4,plus
559,32,44.83,1,basic
560,49,69.78,2,plus
561,51,62.03,2,pro
562,40,75.58,3,plus
563,20,67.04,4,plus
564,22,53.77,1,basic
565,43,52.6,0,plus
566,4,56.02,2,basic
567,14,57.1,1,pro
568,31,48.63,4,plus
569,56,54.61,3,basic
570,45,74.31,1,pro
571,49,34.57,1,plus
572,12,58.1,1,basic
573,17,44.12,3,basic
574,16,57.24,2,basic
575,45,65.08,1,plus
576,32,54.31,1,basic
577,13,64.28,2,basic
578,45,35.92,3,plus
579,38,68.28,2,basic
580,53,47.76,1,basic
581,33,62.47,1,basic
582,8,57.19,2,basic
583,53,23.97,2,plus
584,11,45.93,0,basic
585,4,57.65,2,pro
586,48,73.65,5,basic
587,27,58.45,2,basic
588,39,58.09,0,basic
589,8,38.05,1,pro
590,43,72.17,2,plus
591,24,76.68,3,basic
592,59,55.34,3,basic
593,38,52.36,3,basic
594,56,35.57,1,plus
595,47,65.6,1,plus
596,50,87.43,2,plus
597,6,63.61,2,basic
598,46,70.16,1,basic
599,36,61.51,1,plus
600,24,43.18,3,basic
601,19,71.04,5,plus
602,38,40.19,1,plus
603,12,52.47,3,plus
604,11,58.35,3,basic
605,52,65.59,1,basic
606,45,59.99,2,pro
607,35,59.64,0,pro
608,45,45.86,2,plus
609,20,39.53,1,plus
610,43,55.74,0,basic
611,13,46.48,1,pro
612,27,39.31,1,plus
613,9,39.81,3,basic
614,23,49.12,1,plus
615,21,32.77,0,basic
616,25,38.83,1,basic
617,29,35.38,1,plus
618,2,57.19,2,basic
619,21,59.9,1,plus
620,50,79.09,0,plus
621,26,37.03,2,pro
622,32,46.84,2,basic
623,7,65.95,3,plus
624,23,52.4,2,basic
625,58,51.08,2,basic
626,33,75.51,6,basic
627,2,50.94,1,plus
628,43,41.13,0,basic
629,46,39.2,1,plus
630,23,59.03,3,basic
631,2,58.66,1,basic
632,50,38.54,1,pro
633,15,43.18,2,basic
634,55,61.42,3,plus
635,22,61.93,2,basic
636,23,47.28,0,basic
637,47,62.47,3,basic
638,9,61.86,4,pro
639,2,33.6,1,basic
640,45,51.26,1,plus
641,55,59.98,1,basic
642,59,48.12,2,plus
643,8,29.33,1,plus
644,9,51.6,2,basic
645,20,64.03,1,plus
646,43,73.96,3,basic
647,54,28.71,0,basic
648,49,86.36,0,basic
649,23,41.47,3,pro
650,55,66.48,2,pro
651,16,69.81,2,basic
652,8,66.8,2,basic
653,26,56.8,1,plus
654,6,41.06,2,basic
655,41,62.52,1,pro
656,59,46.42,2,basic
657,7,24.73,0,basic
658,7,88.95,1,basic
659,11,63.5,0,basic
660,11,76.82,1,basic
661,32,44.06,4,basic
662,34,72.61,2,pro
663,57,74.08,1,plus
664,27,73.65,4,basic
665,55,54.75,1,pro
666,45,40.57,1,basic
667,51,52.87,2,pro
668,12,28.57,2,basic
669,27,34.58,2,basic
670,54,56.1,3,plus
671,45,43.1,1,basic
672,13,53.03,1,basic
673,50,53.69,0,plus
674,46,78.17,4,plus
675,9,70.57,2,basic
676,4,54.46,1,plus
677,16,69.51,2,plus
678,28,45.64,2,plus
679,10,50.96,0,plus
680,2,65.92,2,basic
681,7,40.1,3,plus
682,19,51.65,1,basic
683,23,39.15,3,basic
684,19,56.41,2,plus
685,27,74.59,1,basic
686,43,45.97,2,basic
687,15,57.71,1,plus
688,27,44.23,1,pro
689,44,41.21,4,basic
690,4,40.17,4,basic
691,56,72.46,0,basic
692,59,83.35,2,plus
693,18,60.8,3,plus
694,53,46.4,0,basic
695,15,63.46,4,basic
696,55,50.99,1,plus
697,39,64.62,1,plus
698,15,58.49,3,plus
699,4,58.36,2,plus
700,24,62.29,4,pro
701,44,48.05,1,basic
702,14,50.15,2,pro
703,31,34.35,2,basic
704,8,49.7,0,basic
705,26,37.93,1,basic
706,2,53.26,4,basic
707,59,43.51,0,pro
708,30,56.21,1,pro
709,50,60.44,0,basic
710,8,37.96,5,basic
711,10,45.24,1,basic
712,11,43.68,1,pro
713,34,63.96,1,basic
714,51,75.48,3,basic
715,36,65.22,3,plus
716,29,50.81,3,plus
717,56,72.58,0,basic
718,11,36.83,1,pro
719,10,72.99,1,plus
720,40,47.13,2,basic
721,51,21.64,2,pro
722,16,86.81,3,basic
723,16,73.94,0,basic
724,32,42.62,3,pro
725,46,57.03,1,basic
726,17,52.43,0,plus
727,49,56.23,2,plus
728,31,37.2,1,basic
729,42,46.82,1,pro
730,38,60.62,2,plus
731,29,57.67,1,basic
732,32,69.39,1,plus
733,59,55.96,0,basic
734,24,83.19,0,pro
735,56,46.41,0,plus
736,47,58.11,1,basic
737,11,32.0,3,plus
738,52,39.96,1,plus
739,23,70.94,2,plus
740,11,43.69,1,basic
741,15,61.37,1,basic
742,9,54.26,3,pro
743,21,42.47,3,pro
744,7,50.82,2,basic
745,33,48.83,1,basic
746,58,49.15,4,basic
747,57,64.04,1,basic
748,56,62.83,1,pro
749,15,48.07,1,plus
750,14,44.11,3,plus
751,41,58.39,2,plus
752,58,53.8,0,basic
753,49,67.34,2,basic
754,13,86.86,2,basic
755,44,65.12,3,basic
756,30,54.58,1,plus
757,27,52.94,0,pro
758,30,44.72,4,pro
759,33,44.12,2,plus
760,54,42.96,0,basic
761,47,50.26,1,basic
762,3,49.87,4,plus
763,45,63.92,3,basic
764,19,50.21,1,plus
765,20,52.63,1,plus
766,36,40.38,2,basic
767,59,74.73,0,plus
768,4,61.08,2,basic
769,31,76.47,2,basic
770,14,64.56,3,pro
771,54,72.88,4,plus
772,28,52.02,3,pro
773,51,63.61,2,pro
774,52,87.47,1,basic
775,6,40.32,4,plus
776,45,69.12,2,basic
777,47,75.38,0,basic
778,49,60.05,3,basic
779,59,64.18,3,basic
780,45,70.36,4,plus
781,50,46.96,0,plus
782,42,60.01,4,plus
783,18,44.34,6,basic
784,51,46.71,2,plus
785,42,47.42,4,basic
786,41,53.24,3,basic
787,58,56.8,0,plus
788,44,60.56,3,basic
789,20,37.59,2,pro
790,18,79.32,4,basic
791,20,69.2,4,basic
792,10,63.92,6,pro
793,5,50.6,4,pro
794,45,53.9,4,basic
795,47,61.73,0,basic
796,10,60.06,1,plus
797,24,34.35,1,basic
798,55,64.11,5,basic
799,50,90.86,2,plus
800,36,32.28,4,plus
801,58,67.24,0,basic
802,20,59.54,3,basic
803,50,53.63,0,basic
804,56,71.88,1,plus
805,35,40.44,1,basic
806,10,57.01,1,pro
807,18,73.02,0,basic
808,31,52.57,1,plus
809,17,49.85,3,plus
810,6,56.42,2,pro
811,11,49.52,4,plus
812,57,74.07,1,pro
813,23,43.82,2,plus
814,34,65.76,0,basic
815,26,39.56,1,basic
816,48,63.25,1,plus
817,6,53.71,3,plus
818,17,23.14,1,plus
819,35,54.93,2,plus
820,48,41.84,3,basic
821,28,49.52,2,plus
822,42,73.98,1,plus
823,48,41.22,1,basic
824,38,41.92,2,basic
825,49,72.77,0,plus
826,57,56.43,2,plus
827,13,74.02,2,basic
828,26,58.99,2,plus
829,14,44.12,3,plus
830,25,54.18,3,basic
831,1,70.17,0,basic
832,41,66.61,2,plus
833,14,55.01,3,pro
834,50,55.6,1,plus
835,43,53.61,0,basic
836,20,47.86,0,plus
837,27,78.83,0,plus
838,40,55.09,2,pro
839,25,41.05,1,basic
840,13,49.11,0,plus
841,3,63.96,1,basic
842,33,62.91,0,pro
843,32,53.31,2,plus
844,46,46.75,3,basic
845,8,55.29,2,plus
846,4,34.35,3,plus
847,44,38.94,1,basic
848,43,64.86,0,basic
849,48,49.09,4,basic
850,1,59.63,1,plus
851,39,70.03,3,basic
852,57,63.01,4,basic
853,46,55.25,3,basic
854,28,81.26,2,plus
855,29,63.24,2,plus
856,25,50.63,2,plus
857,4,64.03,1,basic
858,43,60.03,4,basic
859,32,44.44,3,plus
860,31,55.9,1,basic
861,56,52.96,1,basic
862,44,30.74,4,basic
863,57,52.87,3,basic
864,6,51.51,4,basic
865,57,49.59,6,pro
866,34,34.71,5,basic
867,24,50.62,0,basic
868,33,54.51,0,plus
869,3,56.26,3,basic
870,55,40.99,2,basic
871,38,62.8,2,basic
872,3,40.0,3,basic
873,54,52.24,3,plus
874,27,71.1,3,basic
875,8,46.46,2,plus
876,38,48.7,3,basic
877,5,68.24,3,plus
878,33,50.26,2,pro
879,45,51.34,2,plus
880,5,57.73,2,pro
881,47,67.94,1,plus
882,36,27.82,1,basic
883,20,44.79,1,basic
884,14,42.58,0,plus
885,1,41.63,1,basic
886,12,44.47,3,plus
887,17,44.66,1,basic
888,52,58.71,2,pro
889,31,44.05,1,basic
890,12,56.51,4,basic
891,44,59.94,1,basic
892,27,46.02,3,plus
893,50,56.61,3,pro
894,45,75.13,1,plus
895,56,58.96,2,plus
896,42,47.16,1,plus
897,7,54.2,1,basic
898,33,43.74,0,plus
899,26,58.33,3,plus
900,48,65.59,4,plus
901,10,44.94,3,basic
902,28,52.43,5,basic
903,49,68.65,1,basic
904,37,48.9,4,basic
905,3,57.31,1,basic
906,49,42.45,3,basic
907,22,44.96,4,plus
908,41,48.72,2,pro
909,39,81.12,1,plus
910,38,50.09,0,plus
911,25,48.64,2,plus
912,24,48.24,2,basic
913,6,53.01,2,basic
914,33,62.87,2,plus
915,18,57.27,1,plus
916,24,79.69,3,plus
917,10,57.57,4,pro
918,44,72.37,1,plus
919,55,58.32,4,plus
920,23,62.27,0,basic
921,26,37.68,0,pro
922,28,53.48,4,plus
923,5,54.17,2,plus
924,45,52.08,3,plus
925,52,29.17,2,basic
926,30,65.57,3,basic
927,4,50.35,2,pro
928,20,49.74,3,plus
929,10,51.94,0,pro
930,49,52.26,7,basic
931,48,59.89,1,plus
932,23,39.75,0,plus
933,23,43.83,3,basic
934,50,58.49,2,plus
935,6,56.75,3,basic
936,47,50.48,1,basic
937,57,48.11,2,basic
938,27,44.99,4,plus
939,45,54.3,3,plus
940,43,69.17,1,pro
941,53,42.3,1,plus
942,3,73.28,2,pro
943,42,65.13,5,pro
944,23,49.56,1,plus
945,51,64.4,2,basic
946,51,37.41,3,plus
947,17,34.22,3,basic
948,35,39.52,3,plus
949,30,50.08,2,basic
950,33,51.1,1,plus
951,50,48.82,0,plus
952,40,56.19,1,basic
953,45,29.38,3,pro
954,40,60.94,4,basic
955,15,37.97,2,basic
956,35,47.07,2,basic
957,23,50.05,1,basic
958,25,41.13,2,basic
959,7,38.55,2,basic
960,11,42.93,2,basic
961,21,54.86,2,plus
962,18,62.08,1,basic
963,38,61.77,0,pro
964,18,43.07,1,plus
965,15,45.5,2,basic
966,26,43.95,0,basic
967,34,60.4,1,pro
968,59,30.55,1,basic
969,31,69.86,6,plus
970,21,49.18,3,plus
971,19,45.6,1,basic
972,27,59.07,1,basic
973,55,67.39,3,basic
974,22,59.11,2,basic
975,15,67.63,2,plus
976,35,56.61,1,plus
977,46,69.76,1,basic
978,56,69.94,0,plus
979,17,53.81,4,basic
980,53,72.27,1,plus
981,51,56.98,1,basic
982,23,56.04,0,basic
983,20,43.94,3,basic
984,16,51.53,0,pro
985,19,64.33,1,plus
986,53,39.25,0,basic
987,19,62.8,0,plus
988,30,59.18,1,basic
989,56,58.33,4,basic
990,41,28.52,3,pro
991,8,53.76,1,basic
992,5,62.78,2,plus
993,14,45.84,3,pro
994,52,56.08,2,basic
995,14,26.46,2,pro
996,19,63.06,4,plus
997,32,47.05,1,basic
998,30,65.46,1,basic
999,5,32.89,0,basic
1000,12,63.31,2,basic
1001,59,52.16,0,basic
1002,25,64.69,1,basic
1003,17,43.89,3,basic
1004,49,47.58,0,basic
1005,28,81.91,0,basic
1006,49,45.04,4,plus
1007,10,46.53,1,plus
1008,28,51.68,5,plus
1009,48,42.73,4,plus
1010,46,69.29,0,pro
1011,40,75.7,1,plus
1012,28,46.55,3,basic
1013,49,34.29,5,basic
1014,23,69.06,0,plus
1015,39,68.3,4,plus
1016,33,64.86,0,basic
1017,18,68.88,4,plus
1018,12,44.59,3,pro
1019,32,52.98,3,plus
1020,19,38.39,1,basic
1021,31,37.98,2,plus
1022,42,66.77,3,basic
1023,48,46.94,3,basic
1024,46,82.35,2,basic
1025,31,55.89,0,pro
1026,4,47.31,3,basic
1027,11,64.57,3,plus
1028,44,76.62,1,basic
1029,36,60.83,1,basic
1030,49,40.39,7,basic
1031,29,59.45,4,basic
1032,27,71.51,1,basic
1033,15,49.08,4,basic
1034,4,45.72,7,plus
1035,9,67.2,3,plus
1036,41,56.68,3,basic
1037,35,41.77,0,plus
1038,15,50.44,0,pro
1039,22,45.93,4,basic
1040,38,58.56,3,basic
1041,23,56.32,1,basic
1042,23,68.81,2,basic
1043,16,63.52,1,basic
1044,38,36.24,5,basic
1045,53,59.88,2,pro
1046,16,65.76,1,plus
1047,18,60.47,1,basic
1048,29,67.36,0,plus
1049,12,48.41,2,basic
1050,31,43.59,3,pro
1051,53,66.16,2,plus
1052,38,42.21,1,plus
1053,10,29.09,2,basic
1054,12,67.3,1,basic
1055,5,46.31,1,plus
1056,57,51.33,4,basic
1057,21,38.22,1,basic
1058,18,39.09,1,basic
1059,51,41.12,0,plus
1060,19,50.67,2,basic
1061,14,59.44,1,pro
1062,16,27.43,4,plus
1063,24,64.03,2,pro
1064,4,40.82,1,basic
1065,38,42.2,3,plus
1066,25,63.13,3,plus
1067,58,54.1,1,basic
1068,46,36.56,2,pro
1069,23,77.14,1,basic
1070,42,44.67,1,basic
1071,48,57.97,2,basic
1072,12,57.4,2,pro
1073,10,71.94,2,plus
1074,9,49.53,5,basic
1075,3,67.1,1,basic
1076,19,46.1,5,basic
1077,47,68.47,1,basic
1078,46,45.84,1,pro
1079,23,50.65,1,pro
1080,29,77.75,2,plus
1081,46,58.8,2,basic
1082,55,56.32,2,basic
1083,17,81.9,3,plus
1084,39,59.34,2,plus
1085,36,45.21,1,basic
1086,37,63.82,0,basic
1087,48,40.82,1,plus
1088,46,68.54,3,basic
1089,24,69.47,4,pro
1090,45,48.12,4,basic
1091,4,47.47,0,pro
1092,21,57.12,3,basic
1093,13,55.17,0,basic
1094,16,43.27,2,basic
1095,54,61.82,0,plus
1096,26,30.5,1,pro
1097,5,49.81,0,basic
1098,29,50.15,0,pro
1099,5,51.72,1,pro
1100,9,58.69,1,pro
1101,23,40.26,3,basic
1102,27,62.06,1,basic
1103,14,52.84,0,basic
1104,38,47.2,3,basic
1105,30,38.6,3,basic
1106,9,40.8,3,basic
1107,49,59.32,1,plus
1108,9,43.43,2,basic
1109,22,55.77,0,basic
1110,11,67.74,1,basic
1111,56,67.39,1,basic
1112,17,73.72,2,plus
1113,52,51.44,2,plus
1114,57,41.98,2,plus
1115,13,67.25,2,basic
1116,2,58.72,1,pro
1117,1,68.49,2,basic
1118,11,55.13,1,basic
1119,24,69.35,1,plus
1120,10,65.16,2,pro
1121,57,63.6,2,pro
1122,28,61.04,2,pro
1123,51,59.77,1,basic
1124,1,57.8,2,pro
1125,8,57.71,3,plus
1126,28,66.88,1,basic
1127,10,48.86,1,plus
1128,10,75.83,3,pro
1129,2,53.73,0,plus
1130,16,66.82,2,plus
1131,46,53.92,1,plus
1132,47,52.04,1,pro
1133,31,79.39,3,plus
1134,11,51.29,4,basic
1135,27,39.67,1,basic
1136,37,46.43,2,basic
1137,9,51.19,2,basic
1138,24,80.86,1,basic
1139,49,57.48,1,plus
1140,25,66.22,2,pro
1141,28,42.98,3,pro
1142,49,59.23,1,basic
1143,40,63.06,3,plus
1144,10,76.62,1,basic
1145,36,46.64,1,pro
1146,55,62.24,2,basic
1147,13,58.63,2,basic
1148,53,42.74,0,basic
1149,35,54.77,1,basic
1150,40,51.84,0,plus
1151,20,27.1,2,basic
1152,3,62.18,1,plus
1153,2,61.48,4,pro
1154,40,49.73,5,basic
1155,58,38.94,2,basic
1156,36,72.76,2,pro
1157,22,58.19,4,basic
1158,46,67.2,2,pro
1159,56,71.92,1,plus
1160,13,48.75,5,basic
1161,7,64.75,1,basic
1162,57,52.11,4,plus
1163,3,54.25,6,basic
1164,53,53.97,0,pro
1165,9,54.98,0,pro
1166,7,68.37,2,plus
1167,17,56.49,1,plus
1168,19,53.16,2,plus
1169,20,51.68,3,plus
1170,2,59.1,4,basic
1171,51,44.26,3,basic
1172,50,48.97,1,plus
1173,41,54.37,0,basic
1174,54,48.21,0,basic
1175,56,53.58,3,basic
1176,59,47.67,2,basic
1177,23,79.05,1,basic
1178,37,70.95,3,plus
1179,46,60.4,2,plus
1180,40,54.36,2,plus
1181,47,81.29,2,plus
1182,41,58.88,1,basic
1183,23,53.96,4,basic
1184,34,58.64,0,plus
1185,12,58.67,1,basic
1186,57,71.92,2,plus
1187,53,54.77,0,plus
1188,36,80.19,1,plus
1189,46,44.42,3,plus
1190,20,63.33,3,plus
1191,23,42.98,1,basic
1192,31,76.81,2,basic
1193,16,51.03,1,pro
1194,2,54.3,3,pro
1195,24,66.09,1,plus
1196,43,70.06,0,plus
1197,16,41.66,1,basic
1198,41,50.85,1,basic
1199,36,38.26,2,plus
1200,25,56.65,4,plus
1201,43,53.78,2,basic
1202,51,50.81,3,basic
1203,57,46.79,3,pro
1204,45,50.37,2,plus
1205,6,46.04,1,basic
1206,20,61.35,4,plus
1207,32,73.19,1,plus
1208,5,31.83,3,basic
1209,25,53.61,2,plus
1210,8,49.98,1,basic
1211,33,60.91,0,basic
1212,11,43.58,1,basic
1213,16,53.24,1,plus
1214,18,42.52,0,plus
1215,58,63.36,2,plus
1216,27,56.19,3,basic
1217,33,53.06,2,plus
1218,55,59.44,1,basic
1219,1,52.04,0,basic
1220,17,36.35,0,plus
1221,26,62.15,2,basic
1222,54,58.46,2,pro
1223,43,53.15,3,plus
1224,41,66.82,1,plus
1225,23,69.62,4,basic
1226,51,41.89,1,basic
1227,11,45.63,1,basic
1228,24,73.57,1,basic
1229,22,72.03,3,basic
1230,1,46.14,3,plus
1231,6,40.83,4,plus
1232,47,47.35,1,plus
1233,56,49.02,3,basic
1234,15,35.99,1,basic
1235,5,55.37,3,basic
1236,9,39.64,1,pro
1237,4,40.48,2,basic
1238,48,65.99,2,plus
1239,3,46.8,0,plus
1240,41,54.14,0,basic
1241,47,62.55,1,pro
1242,13,64.76,2,pro
1243,14,50.96,2,basic
1244,16,55.53,3,basic
1245,45,45.1,1,plus
1246,56,75.97,3,plus
1247,45,62.8,2,plus
1248,16,41.76,0,plus
1249,43,55.05,1,pro
1250,42,63.56,4,plus
1251,25,60.75,1,basic
1252,8,76.95,1,plus
1253,19,71.47,2,basic
1254,49,48.53,4,pro
1255,31,53.93,6,basic
1256,7,39.62,2,basic
1257,54,57.99,0,pro
1258,31,56.81,0,basic
1259,21,87.44,0,plus
1260,3,56.17,1,plus
1261,34,29.88,3,plus
1262,33,46.93,1,plus
1263,9,56.35,2,pro
1264,50,39.93,3,plus
1265,30,44.59,4,plus
1266,5,50.61,2,basic
1267,12,59.1,1,basic
1268,17,53.02,3,basic
1269,45,44.33,1,basic
1270,46,64.45,2,basic
1271,49,48.52,2,basic
1272,36,49.01,2,basic
1273,54,38.44,2,basic
1274,19,45.57,6,basic
1275,35,62.82,2,basic
1276,38,35.59,2,plus
1277,22,54.15,2,basic
1278,27,63.61,2,basic
1279,42,50.47,5,basic
1280,51,57.88,3,plus
1281,55,41.6,6,basic
1282,18,70.72,4,basic
1283,43,68.21,8,plus
1284,45,57.83,0,basic
1285,56,33.94,5,plus
1286,38,42.45,2,basic
1287,12,66.72,3,basic
1288,44,75.56,0,plus
1289,11,58.56,1,basic
1290,23,69.97,2,pro
1291,29,47.71,2,basic
1292,43,52.73,1,pro
1293,10,55.01,2,plus
1294,42,60.08,2,plus
1295,9,36.65,2,basic
1296,23,66.29,1,pro
1297,8,70.87,4,plus
1298,2,41.22,2,basic
1299,20,38.74,1,basic
1300,57,59.21,1,basic
1301,34,47.15,2,pro
1302,43,26.55,2,pro
1303,14,64.7,2,basic
1304,13,56.87,0,plus
1305,54,49.28,4,plus
1306,44,80.36,2,basic
1307,29,56.67,0,basic
1308,17,45.96,2,plus
1309,51,56.21,3,basic
1310,28,42.52,2,plus
1311,4,45.86,2,basic
1312,51,59.64,3,plus
1313,25,48.35,2,basic
1314,27,49.59,2,pro
1315,23,75.03,2,basic
1316,17,65.32,1,plus
1317,36,64.63,4,plus
1318,19,61.35,1,basic
1319,31,60.81,3,pro
1320,5,72.48,0,basic
1321,50,54.77,2,basic
1322,13,77.27,1,basic
1323,36,43.58,3,plus
1324,16,51.94,6,plus
1325,11,38.46,2,plus
1326,11,50.87,2,pro
1327,42,61.22,1,basic
1328,4,72.41,3,plus
1329,47,47.04,1,basic
1330,28,55.06,0,plus
1331,27,50.69,1,plus
1332,13,46.14,3,basic
1333,22,40.73,1,basic
1334,44,55.73,4,basic
1335,53,34.22,1,basic
1336,55,56.33,2,basic
1337,37,55.25,2,basic
1338,17,47.11,3,plus
1339,5,42.87,4,basic
1340,34,38.39,2,pro
1341,33,77.46,3,basic
1342,30,38.9,3,basic
1343,32,73.69,0,basic
1344,5,62.2,1,pro
1345,24,50.63,2,plus
1346,8,41.12,2,pro
1347,51,67.51,3,basic
1348,53,75.76,2,pro
1349,49,43.79,1,basic
1350,28,51.42,0,pro
1351,48,67.62,2,basic
1352,48,59.03,1,pro
1353,21,79.0,1,plus
1354,4,48.16,1,plus
1355,50,61.51,2,basic
1356,36,39.99,0,basic
1357,27,80.15,1,basic
1358,52,46.24,2,basic
1359,57,28.5,1,plus
1360,52,53.49,1,basic
1361,1,53.33,1,basic
1362,1,77.99,3,basic
1363,29,50.93,1,basic
1364,31,54.85,5,basic
1365,14,62.12,2,basic
1366,22,74.04,5,pro
1367,34,54.24,1,plus
1368,45,67.47,1,plus
1369,45,61.22,2,basic
1370,5,51.45,2,plus
1371,23,55.93,4,pro
1372,16,55.34,2,pro
1373,18,44.01,3,plus
1374,48,69.56,3,plus
1375,26,38.37,1,pro
1376,28,69.05,3,basic
1377,58,66.45,3,plus
1378,27,53.88,2,plus
1379,45,45.81,1,plus
1380,58,52.28,3,basic
1381,58,60.67,2,basic
1382,19,63.92,2,basic
1383,24,58.44,2,plus
1384,3,66.91,2,basic
1385,45,48.31,1,pro
1386,24,57.81,2,basic
1387,1,36.18,2,plus
1388,10,64.16,3,basic
1389,11,56.84,4,basic
1390,5,50.01,0,basic
1391,5,68.94,4,basic
1392,34,63.3,1,basic
1393,14,21.2,4,basic
1394,57,55.48,0,basic
1395,34,37.54,1,pro
1396,35,67.8,1,basic
1397,31,84.87,1,plus
1398,39,48.78,3,plus
1399,47,55.89,5,basic
1400,20,51.99,0,pro
1401,37,59.21,2,basic
1402,34,62.73,1,basic
1403,41,70.45,2,basic
1404,45,43.15,1,basic
1405,46,73.86,3,basic
1406,35,43.82,1,plus
1407,5,58.33,1,plus
1408,48,68.9,4,basic
1409,58,63.56,1,pro
1410,33,43.74,1,plus
1411,26,46.58,0,plus
1412,12,49.45,4,pro
1413,28,54.39,5,plus
1414,35,68.76,1,basic
1415,46,39.5,3,plus
1416,29,60.6,4,pro
1417,11,62.32,3,basic
1418,10,61.7,2,plus
1419,32,60.6,2,basic
1420,37,73.22,3,pro
1421,53,60.85,1,basic
1422,49,65.28,2,plus
1423,35,61.76,3,basic
1424,8,76.52,3,plus
1425,49,32.2,2,plus
1426,33,70.39,3,plus
1427,50,51.87,2,basic
1428,44,51.63,2,basic
1429,19,43.37,1,basic
1430,24,32.58,2,basic
1431,25,50.42,5,basic
1432,16,46.75,3,basic
1433,46,60.93,2,pro
1434,22,37.33,3,plus
1435,42,72.18,1,basic
1436,32,58.26,3,basic
1437,25,52.03,2,basic
1438,41,46.49,6,basic
1439,11,45.55,1,plus
1440,33,41.44,3,plus
1441,9,48.47,4,plus
1442,7,55.07,1,pro
1443,49,52.87,3,pro
1444,49,38.03,2,plus
1445,40,51.81,2,basic
1446,55,44.28,3,plus
1447,36,56.92,1,basic
1448,6,77.38,1,pro
1449,23,62.5,5,basic
1450,15,51.24,1,pro
1451,43,35.5,0,basic
1452,11,38.02,2,plus
1453,36,34.76,4,plus
1454,51,63.71,3,plus
1455,11,45.82,4,plus
1456,54,55.75,3,plus
1457,42,47.54,4,plus
1458,3,56.09,1,plus
1459,32,71.82,3,pro
1460,20,46.78,0,basic
1461,42,50.91,5,pro
1462,12,45.32,4,plus
1463,30,65.49,1,plus
1464,28,42.69,1,plus
1465,30,41.4,1,basic
1466,55,38.35,3,plus
1467,56,38.1,2,pro
1468,5,60.65,1,basic
1469,47,85.83,2,pro
1470,11,43.06,2,basic
1471,10,66.42,2,plus
1472,29,58.01,3,plus
1473,58,41.78,3,basic
1474,31,51.68,4,basic
1475,35,52.2,2,plus
1476,44,46.71,2,plus
1477,29,78.17,3,basic
1478,26,32.13,4,basic
1479,42,59.57,2,plus
1480,9,58.98,1,plus
1481,52,48.04,2,plus
1482,21,56.79,2,plus
1483,35,65.53,4,basic
1484,58,56.83,3,plus
1485,45,60.01,4,basic
1486,45,63.31,2,basic
1487,49,30.62,4,basic
1488,7,72.74,0,plus
1489,26,82.34,0,pro
1490,48,66.77,2,basic
1491,16,67.16,0,basic
1492,19,38.1,1,plus
1493,52,53.58,4,plus
1494,47,45.26,2,basic
1495,15,47.95,1,plus
1496,1,66.6,0,plus
1497,29,45.35,3,plus
1498,52,53.44,3,basic
1499,33,32.1,1,plus
1500,10,53.1,1,basic
