customer_id,tenure_months,monthly_spend,support_calls_90d,is_premium,region
1,6,48.87,2,0,West
2,46,73.87,0,1,Midwest
3,39,60.52,3,1,West
4,26,55.76,3,0,West
5,26,58.41,2,1,West
6,51,63.35,1,1,Midwest
7,6,69.25,3,0,Midwest
8,42,45.0,1,1,Midwest
9,12,44.38,1,1,South
10,6,76.57,2,1,South
11,32,53.81,2,1,West
12,58,38.75,1,1,Northeast
13,44,66.66,2,0,South
14,45,66.95,5,1,Midwest
15,43,37.04,2,0,West
16,47,63.44,1,1,Northeast
17,31,71.03,3,0,South
18,8,65.62,1,1,Midwest
19,50,69.48,6,1,West
20,27,38.94,0,0,West
21,30,64.97,0,1,Midwest
22,22,55.46,1,0,West
23,11,52.76,0,0,West
24,55,73.06,1,0,Midwest
25,47,82.19,4,1,West
26,38,86.92,1,0,Midwest
27,24,79.72,2,1,Northeast
28,49,58.35,3,1,Northeast
29,33,65.29,0,0,West
30,27,71.5,1,0,South
31,27,61.82,1,0,Northeast
32,14,61.96,1,0,South
33,6,72.36,1,1,Midwest
34,33,59.11,0,0,Midwest
35,53,49.06,1,0,West
36,4,53.78,4,1,Midwest
37,51,69.51,0,1,Northeast
38,49,60.04,3,1,South
39,17,65.1,2,1,Midwest
40,38,70.05,0,1,West
41,10,54.38,1,1,Northeast
42,45,71.34,5,0,West
43,42,65.68,0,0,South
44,21,41.48,2,0,Midwest
45,5,81.63,0,1,Midwest
46,58,52.49,1,1,West
47,27,35.17,0,1,Midwest
48,53,44.32,4,1,South
49,40,44.68,3,0,Midwest
50,46,60.78,0,1,West
51,45,55.89,0,0,Midwest
52,12,54.95,5,1,West
53,22,69.3,0,0,Midwest
54,28,65.1,2,0,Northeast
55,30,64.74,2,1,Northeast
56,3,66.15,1,1,Northeast
57,33,69.24,0,1,West
58,10,28.38,0,1,Midwest
59,44,54.53,2,0,West
60,41,27.3,1,1,Midwest
61,55,60.54,0,1,South
62,44,59.93,3,1,Northeast
63,22,75.68,1,0,Midwest
64,58,77.81,0,0,West
65,25,63.04,6,1,Midwest
66,20,52.49,0,0,Midwest
67,54,67.28,0,1,South
68,22,52.08,0,1,West
69,5,59.98,0,1,South
70,28,74.79,2,1,Midwest
71,47,51.63,1,0,South
72,12,72.09,2,0,Northeast
73,28,70.16,1,1,West
74,8,45.68,2,0,Northeast
75,41,74.61,1,0,West
76,29,70.48,2,1,Northeast
77,20,61.53,2,1,Midwest
78,14,48.57,0,0,South
79,34,47.11,1,1,Northeast
80,40,51.94,0,0,South
81,56,68.14,0,0,Midwest
82,26,45.67,2,1,Northeast
83,10,66.56,2,0,Midwest
84,50,41.37,2,1,South
85,38,56.94,1,0,South
86,42,61.64,4,1,Midwest
87,6,96.68,1,1,West
88,19,39.34,0,1,Midwest
89,46,82.08,1,0,Northeast
90,50,62.25,1,0,South
91,26,66.17,0,1,South
92,48,61.78,0,1,Midwest
93,50,66.67,1,1,South
94,23,57.69,1,1,Midwest
95,53,81.81,1,0,West
96,18,53.15,2,1,West
97,15,76.98,4,1,Midwest
98,41,50.33,3,1,South
99,38,59.1,0,1,Midwest
100,9,43.92,1,0,West
101,50,66.83,1,0,Midwest
102,12,81.68,0,0,Midwest
103,48,58.84,2,1,South
104,1,57.05,0,0,Midwest
105,48,43.28,1,0,Midwest
106,47,56.56,3,0,West
107,47,36.11,3,0,South
108,40,46.31,0,1,Northeast
109,28,63.4,2,1,South
110,42,79.79,2,0,Midwest
111,17,102.14,0,1,Midwest
112,47,51.2,0,1,Midwest
113,33,81.53,1,1,West
114,28,63.66,4,0,West
115,30,57.73,0,1,Northeast
116,34,66.49,1,0,Northeast
117,3,60.93,0,1,Northeast
118,9,61.66,1,0,South
119,15,53.88,3,1,Northeast
120,7,39.03,3,0,Midwest
121,26,36.85,2,1,Midwest
122,40,69.8,0,1,West
123,39,55.85,1,0,West
124,28,51.06,1,1,South
125,51,60.13,2,1,West
126,34,71.92,2,0,Northeast
127,5,62.71,0,0,Northeast
128,46,50.16,3,1,Midwest
129,34,78.39,2,1,South
130,38,83.69,0,1,West
131,34,67.42,0,1,Midwest
132,33,74.6,1,1,West
133,6,78.63,1,0,West
134,33,76.95,3,0,West
135,47,69.21,2,0,Northeast
136,18,68.98,1,0,South
137,36,67.79,2,1,Northeast
138,2,43.54,2,1,Northeast
139,21,70.51,1,0,Northeast
140,26,39.66,2,1,Northeast
141,58,48.08,3,0,West
142,13,79.55,3,0,Northeast
143,17,72.6,3,1,South
144,25,82.31,1,1,West
145,59,55.92,2,1,West
146,51,42.72,2,0,Northeast
147,3,56.39,0,1,Northeast
148,14,61.53,2,1,Midwest
149,49,61.18,5,0,West
150,4,77.01,1,0,Midwest
151,51,54.58,0,0,West
152,17,65.28,1,1,South
153,55,45.17,1,0,Midwest
154,18,66.75,1,0,West
155,26,60.05,2,0,Northeast
156,40,48.75,3,0,Northeast
157,8,56.46,1,1,Northeast
158,33,57.24,1,1,Northeast
159,30,55.95,6,0,West
160,47,86.57,0,0,Northeast
161,59,58.52,1,0,Northeast
162,40,56.34,1,1,Northeast
163,25,28.54,1,0,Midwest
164,24,46.59,0,1,Midwest
165,25,56.05,0,0,Northeast
166,49,49.71,2,0,West
167,19,80.73,2,1,South
168,10,57.53,3,0,Northeast
169,20,79.33,0,1,Northeast
170,2,60.93,4,1,South
171,7,60.56,3,0,Northeast
172,6,58.67,2,1,Northeast
173,46,60.06,1,1,Northeast
174,43,85.78,2,1,West
175,42,25.21,2,0,West
176,28,29.98,2,0,Midwest
177,43,51.85,4,1,Midwest
178,10,60.22,4,1,Midwest
179,54,70.35,1,0,West
180,30,67.1,2,1,South
181,56,54.24,2,1,West
182,9,75.29,3,1,Northeast
183,30,75.45,2,1,South
184,42,62.76,0,0,Northeast
185,30,74.44,3,1,West
186,27,64.09,2,0,Midwest
187,10,51.58,7,0,Northeast
188,23,70.47,3,1,Midwest
189,15,61.66,0,0,South
190,18,60.02,1,1,West
191,41,82.09,1,0,Northeast
192,38,23.24,0,0,Midwest
193,36,38.73,2,0,Northeast
194,22,42.19,0,1,Midwest
195,57,54.55,1,0,West
196,6,56.18,2,0,South
197,21,37.39,1,0,Midwest
198,7,45.22,2,0,Midwest
199,20,47.09,1,1,Northeast
200,57,96.86,1,0,Midwest
201,22,87.03,2,0,Midwest
202,54,53.82,3,0,South
203,30,54.55,1,0,West
204,42,42.76,4,0,Northeast
205,27,31.38,3,1,West
206,16,58.25,5,0,West
207,46,45.03,1,0,West
208,58,58.73,1,0,Midwest
209,16,36.0,1,1,South
210,46,48.57,2,1,South
211,16,62.23,0,1,Northeast
212,43,65.49,3,1,Northeast
213,47,66.26,3,0,Midwest
214,27,40.19,2,1,Northeast
215,44,72.82,2,1,West
216,17,48.0,0,0,West
217,5,69.49,5,1,Midwest
218,6,59.84,0,1,South
219,27,39.35,1,1,West
220,54,55.26,1,0,Northeast
221,8,65.48,0,1,Midwest
222,27,69.19,1,1,Midwest
223,42,57.89,1,0,South
224,12,82.98,1,1,Midwest
225,43,75.11,3,1,Midwest
226,19,56.15,0,0,Northeast
227,48,71.25,2,0,Midwest
228,35,89.01,1,0,West
229,33,89.41,4,1,South
230,11,41.58,1,1,South
231,28,46.1,0,0,West
232,51,82.27,3,1,Northeast
233,2,44.13,0,1,Midwest
234,45,40.16,1,1,West
235,30,52.71,2,1,West
236,43,66.3,0,1,South
237,40,58.46,1,1,West
238,26,50.24,0,1,Midwest
239,19,49.89,2,1,South
240,38,49.31,2,0,Northeast
241,9,46.81,1,1,Midwest
242,35,94.22,1,1,Northeast
243,6,64.46,0,1,Midwest
244,39,73.3,0,0,Northeast
245,38,52.66,2,1,Midwest
246,5,57.21,1,0,West
247,45,49.3,2,0,South
248,25,20.22,1,0,Northeast
249,47,39.33,0,0,Northeast
250,3,32.84,2,1,Northeast
251,11,26.25,1,1,West
252,30,42.07,3,1,South
253,12,79.87,1,1,South
254,20,59.33,0,0,South
255,39,79.36,1,1,West
256,9,66.16,2,0,West
257,40,71.74,0,1,South
258,7,46.49,3,0,Northeast
259,11,67.86,0,1,West
260,35,70.93,1,1,West
261,47,51.35,2,1,Midwest
262,11,68.39,1,1,Midwest
263,18,68.49,0,1,Northeast
264,55,51.76,2,0,Northeast
265,59,43.16,2,1,South
266,35,42.24,0,0,Northeast
267,27,61.3,2,0,West
268,21,64.91,7,1,Northeast
269,37,48.11,4,0,Midwest
270,35,60.4,5,0,Midwest
271,18,68.56,5,0,West
272,2,69.27,0,1,West
273,9,83.28,2,1,West
274,57,79.15,2,0,Midwest
275,25,44.98,0,1,West
276,29,85.25,2,0,West
277,28,52.04,1,0,South
278,47,75.67,2,0,Northeast
279,4,61.02,0,0,West
280,5,53.82,2,1,South
281,17,32.88,1,0,Northeast
282,29,57.43,1,0,Midwest
283,40,36.61,1,1,West
284,29,74.51,2,0,West
285,27,82.75,1,1,Northeast
286,56,48.05,2,1,Midwest
287,10,64.53,6,1,West
288,34,49.12,2,1,Northeast
289,32,50.57,2,0,Northeast
290,28,71.62,2,0,South
291,48,59.42,3,1,West
292,16,86.09,2,0,West
293,57,52.77,1,0,West
294,20,74.99,0,1,West
295,33,61.46,3,1,South
296,31,71.94,1,0,Midwest
297,51,53.29,0,1,Northeast
298,26,59.26,1,1,West
299,17,58.27,0,0,South
300,2,47.46,0,0,Northeast
301,22,69.93,0,1,West
302,49,69.75,4,0,South
303,1,68.9,0,0,South
304,53,83.05,1,0,West
305,33,81.74,1,1,Midwest
306,9,54.38,1,1,Northeast
307,18,65.6,4,0,Northeast
308,33,50.65,0,0,Midwest
309,19,60.35,2,1,West
310,7,51.0,2,0,West
311,40,84.3,2,1,Northeast
312,40,65.46,1,0,South
313,8,56.73,2,1,Midwest
314,17,77.9,2,1,West
315,15,27.44,4,1,Northeast
316,39,29.79,2,0,Midwest
317,44,71.94,1,0,South
318,43,60.91,1,1,Northeast
319,56,63.76,2,0,South
320,46,40.1,3,1,Northeast
321,19,59.65,1,1,South
322,7,90.05,3,0,Midwest
323,37,72.36,1,0,Northeast
324,55,62.55,2,1,South
325,58,53.41,1,1,Northeast
326,14,54.08,0,1,West
327,14,28.06,2,0,South
328,3,63.86,1,0,South
329,9,72.68,3,0,West
330,33,36.37,2,0,Midwest
331,33,50.08,3,0,Northeast
332,22,42.64,0,0,South
333,19,45.52,2,1,Northeast
334,49,60.8,2,0,West
335,28,28.73,1,1,West
336,48,69.21,0,1,Northeast
337,57,71.31,0,0,Midwest
338,19,56.23,3,1,Northeast
339,12,22.79,5,0,Northeast
340,57,45.05,2,1,Midwest
341,38,78.49,1,1,Northeast
342,18,18.33,2,0,Northeast
343,37,54.79,1,1,West
344,31,42.3,3,0,West
345,54,72.07,3,1,West
346,16,49.87,3,0,South
347,59,66.06,0,0,West
348,56,68.48,1,1,Midwest
349,11,87.54,2,1,Midwest
350,10,56.96,0,0,West
351,32,65.64,0,1,Midwest
352,3,37.72,0,1,South
353,18,77.86,0,0,Northeast
354,26,48.59,1,1,Midwest
355,58,51.59,1,1,South
356,59,59.67,0,0,South
357,9,36.56,2,1,Midwest
358,53,63.43,3,1,South
359,6,74.51,3,0,Northeast
360,45,64.39,1,1,West
361,50,36.17,0,1,South
362,53,58.14,1,1,West
363,14,71.13,1,1,Northeast
364,53,31.83,1,0,South
365,7,43.88,1,0,West
366,31,73.15,1,0,South
367,28,64.05,1,0,Midwest
368,19,66.18,0,1,West
369,2,87.89,1,1,Northeast
370,46,67.03,0,0,Midwest
371,20,69.87,2,1,West
372,40,100.66,2,1,South
373,25,56.79,1,0,Midwest
374,23,48.03,1,0,South
375,53,66.42,4,0,West
376,6,66.58,1,1,Northeast
377,44,52.1,0,0,Midwest
378,45,44.51,0,1,Midwest
379,23,94.65,1,0,Northeast
380,16,64.9,0,0,South
381,1,49.02,3,0,West
382,56,73.74,1,0,South
383,56,58.36,1,0,South
384,15,56.21,0,1,Midwest
385,2,68.43,1,0,West
386,8,40.62,0,0,West
387,4,65.29,1,0,Northeast
388,50,88.69,2,1,West
389,53,66.99,1,0,South
390,10,54.36,1,1,Northeast
391,45,52.39,0,1,Midwest
392,11,53.84,4,0,West
393,22,56.19,3,1,South
394,36,54.33,2,1,South
395,43,73.74,0,0,West
396,52,34.0,1,1,South
397,3,72.93,3,0,West
398,12,54.3,1,1,Midwest
399,17,65.65,2,1,Midwest
400,19,43.1,1,0,Northeast
401,59,79.93,3,0,Northeast
402,46,78.68,3,0,South
403,19,74.39,2,0,South
404,58,37.28,3,0,West
405,30,72.44,1,1,West
406,30,66.07,2,1,Northeast
407,26,35.92,1,0,Midwest
408,9,59.64,2,1,South
409,56,65.47,0,1,South
410,1,68.34,0,1,Midwest
411,11,62.66,2,1,South
412,14,64.37,0,0,South
413,17,82.1,1,1,West
414,8,78.39,1,1,South
415,2,16.99,1,1,West
416,40,55.24,3,1,Midwest
417,58,57.53,0,0,Northeast
418,8,33.72,0,1,Northeast
419,18,61.41,2,1,West
420,30,78.73,1,0,South
421,55,43.7,4,0,South
422,41,65.05,2,1,South
423,46,46.26,1,0,Northeast
424,35,49.92,4,0,West
425,25,82.16,4,1,South
426,12,51.86,2,0,Midwest
427,51,66.93,4,1,West
428,48,31.93,1,1,Midwest
429,2,87.93,2,0,West
430,43,69.04,3,0,South
431,5,57.26,2,0,South
432,44,68.63,4,0,South
433,49,38.85,1,0,West
434,8,77.74,1,1,Northeast
435,26,55.14,1,1,West
436,8,56.94,2,1,Midwest
437,34,52.63,1,1,Midwest
438,55,51.29,2,0,South
439,5,70.42,0,0,Midwest
440,24,63.84,1,1,Northeast
441,58,69.78,1,1,Northeast
442,18,59.87,1,0,Northeast
443,8,67.7,3,0,West
444,29,53.72,0,0,Northeast
445,30,93.45,2,0,West
446,40,36.48,3,0,Northeast
447,19,78.91,4,0,Northeast
448,57,80.52,2,1,West
449,31,47.22,4,0,West
450,17,93.44,0,0,South
451,57,74.93,0,1,West
452,55,74.57,1,0,Northeast
453,30,60.42,3,0,South
454,2,56.74,1,1,South
455,36,56.86,1,1,Northeast
456,33,65.86,0,1,West
457,9,81.02,1,0,South
458,38,62.72,0,1,Northeast
459,50,46.33,3,0,West
460,7,72.37,0,1,West
461,43,73.82,1,0,West
462,9,69.82,2,0,Midwest
463,45,71.18,0,0,West
464,25,55.94,1,0,West
465,1,46.07,1,1,Northeast
466,58,46.98,2,0,Midwest
467,10,35.47,0,0,Midwest
468,36,63.55,1,1,Midwest
469,11,58.75,1,0,Northeast
470,56,53.4,1,0,Midwest
471,44,15.67,1,1,Midwest
472,48,41.29,1,0,Northeast
473,26,76.81,2,1,West
474,28,50.03,0,0,Midwest
475,38,65.41,2,0,South
476,47,39.14,4,0,South
477,50,81.58,1,0,Northeast
478,2,57.84,1,1,Northeast
479,40,64.35,0,0,Midwest
480,7,94.89,2,1,Northeast
481,17,82.75,0,1,West
482,49,55.4,2,0,West
483,15,51.1,0,1,Northeast
484,48,55.12,2,1,West
485,28,67.65,3,0,Midwest
486,14,58.42,2,1,South
487,20,54.07,5,0,Midwest
488,32,82.01,1,0,Northeast
489,46,58.29,0,0,Midwest
490,36,94.49,2,0,South
491,56,61.36,1,0,West
492,52,86.78,2,1,West
493,45,65.36,1,0,West
494,36,74.44,1,0,South
495,18,49.13,2,0,West
496,25,47.19,0,1,South
497,8,66.9,0,1,Midwest
498,23,74.83,2,1,South
499,55,60.6,2,1,Northeast
500,26,40.7,4,1,Northeast
501,7,39.6,0,1,West
502,39,38.59,0,1,Northeast
503,57,33.49,1,1,Northeast
504,52,61.64,4,1,South
505,17,76.88,1,0,West
506,27,59.8,4,1,South
507,32,26.09,3,1,South
508,15,57.14,0,0,South
509,16,57.56,1,1,Midwest
510,14,91.44,3,1,South
511,59,38.14,1,1,South
512,45,54.14,2,1,Midwest
513,50,85.59,0,1,Northeast
514,49,66.75,0,1,South
515,57,68.45,2,1,Midwest
516,7,61.72,0,1,South
517,53,64.95,1,0,Northeast
518,4,71.66,5,0,Midwest
519,29,47.86,0,0,South
520,36,73.17,0,1,West
521,22,39.4,1,1,Midwest
522,9,64.93,3,1,South
523,12,62.68,2,1,Northeast
524,49,50.76,4,1,South
525,19,59.66,2,1,South
526,19,50.66,1,1,Midwest
527,55,43.92,0,0,South
528,9,54.7,1,1,Midwest
529,55,43.44,1,0,West
530,55,64.84,1,1,West
531,36,42.75,1,1,South
532,10,70.68,1,0,Northeast
533,10,42.28,1,0,Midwest
534,17,51.51,3,0,Northeast
535,35,50.63,2,0,Northeast
536,10,79.88,3,1,South
537,27,64.95,1,1,Northeast
538,7,56.82,1,1,Midwest
539,32,67.48,3,1,Midwest
540,2,28.39,1,1,South
541,42,59.35,3,0,South
542,4,89.96,0,0,South
543,12,61.99,1,0,Midwest
544,11,61.02,1,0,Northeast
545,50,68.22,1,0,West
546,4,73.43,1,0,West
547,26,30.04,0,0,Midwest
548,35,34.77,1,1,West
549,31,63.15,0,1,Midwest
550,41,49.28,1,1,South
551,48,79.68,2,1,Midwest
552,24,55.27,0,1,West
553,49,30.98,1,0,Midwest
554,19,40.98,3,0,South
555,59,18.75,3,0,Northeast
556,30,56.49,1,1,Northeast
557,44,57.17,0,1,South
558,52,53.63,3,1,West
559,47,76.18,1,1,West
560,51,77.98,2,0,Midwest
561,32,57.44,4,1,West
562,3,27.98,1,1,South
563,30,69.26,1,1,Midwest
564,11,68.33,2,1,Northeast
565,53,64.64,2,0,Midwest
566,14,74.72,0,0,Midwest
567,14,42.53,0,0,South
568,15,90.13,2,0,West
569,38,45.61,2,0,Northeast
570,34,71.24,0,1,South
571,56,34.69,2,0,South
572,25,46.05,1,1,Midwest
573,17,82.75,4,1,Northeast
574,3,56.09,2,1,Northeast
575,1,72.6,0,1,West
576,23,63.55,1,1,South
577,55,58.43,3,0,Northeast
578,31,80.46,1,0,Midwest
579,53,56.45,3,0,South
580,6,33.29,0,1,Northeast
581,6,47.95,2,0,Midwest
582,50,68.27,0,1,South
583,7,65.93,1,0,South
584,4,36.49,0,0,West
585,24,49.13,2,1,West
586,55,51.27,2,1,South
587,41,54.52,0,1,West
588,6,39.36,1,0,Northeast
589,50,50.57,2,0,South
590,50,49.07,0,0,South
591,48,71.57,3,0,Midwest
592,54,72.14,3,0,Midwest
593,15,57.81,2,1,Midwest
594,58,54.12,2,1,South
595,19,62.1,0,1,Midwest
596,48,47.75,2,0,Midwest
597,35,42.8,1,0,West
598,46,45.9,0,0,South
599,38,50.48,2,1,South
600,38,42.55,2,1,South
601,37,62.43,2,0,Midwest
602,46,70.95,1,0,West
603,44,36.19,1,0,Midwest
604,8,60.38,3,1,Midwest
605,49,56.7,2,1,West
606,32,65.12,2,1,Northeast
607,20,59.81,2,1,Midwest
608,31,38.2,2,0,Midwest
609,58,41.06,1,1,South
610,51,60.44,2,0,Northeast
611,50,75.43,1,0,Midwest
612,28,26.79,1,1,South
613,47,65.19,6,1,West
614,23,77.84,3,0,South
615,41,57.7,2,1,West
616,38,68.25,2,0,West
617,15,49.45,0,0,South
618,16,58.21,1,1,West
619,4,35.69,5,0,West
620,9,24.83,1,1,West
621,26,74.14,0,1,Northeast
622,29,45.23,3,1,South
623,10,53.17,1,1,Midwest
624,25,39.2,1,1,Northeast
625,36,38.85,2,0,Midwest
626,14,57.39,2,1,Northeast
627,20,49.06,1,0,Midwest
628,22,65.67,2,1,West
629,30,66.79,0,1,West
630,22,64.81,1,1,Midwest
631,44,63.58,1,0,West
632,20,83.67,1,1,West
633,26,43.99,0,0,Midwest
634,23,59.18,2,1,Northeast
635,11,76.99,1,1,West
636,41,78.97,0,1,West
637,14,38.67,1,0,Northeast
638,18,55.31,3,0,West
639,47,80.37,1,0,Northeast
640,56,67.62,2,1,South
641,40,62.93,0,1,Northeast
642,55,56.73,3,1,South
643,51,54.24,1,1,South
644,29,64.32,3,0,West
645,46,56.21,2,0,South
646,20,59.36,2,0,South
647,28,61.18,0,0,Northeast
648,32,49.83,1,1,West
649,57,67.98,1,1,West
650,51,103.71,0,0,West
651,29,33.35,0,1,Northeast
652,39,64.86,0,0,West
653,12,48.6,0,0,Northeast
654,48,68.66,2,0,Midwest
655,33,60.7,3,0,Midwest
656,32,71.43,1,0,Northeast
657,46,77.63,3,1,South
658,38,62.89,3,1,South
659,5,76.98,1,0,Northeast
660,18,24.84,3,0,Northeast
661,11,83.86,1,0,South
662,44,65.63,0,0,Midwest
663,3,76.17,1,1,Northeast
664,12,41.7,1,1,South
665,36,47.54,2,0,Northeast
666,41,62.19,3,0,Northeast
667,30,59.74,2,1,South
668,51,64.25,0,0,Midwest
669,55,76.27,2,1,Northeast
670,8,33.52,1,1,Northeast
671,57,74.61,2,1,West
672,37,60.12,2,1,South
673,38,56.94,2,0,South
674,6,37.93,3,1,South
675,37,67.55,0,1,Northeast
676,43,23.79,1,1,Midwest
677,35,69.73,1,1,Northeast
678,5,37.62,1,1,South
679,31,60.8,0,1,West
680,56,58.21,3,0,South
681,43,77.54,0,0,West
682,9,57.32,1,1,Northeast
683,57,49.59,3,0,Northeast
684,57,52.4,1,1,Northeast
685,10,79.09,4,0,South
686,48,68.04,1,0,Midwest
687,24,54.22,2,1,Midwest
688,36,56.45,2,1,Northeast
689,27,36.49,0,1,West
690,47,65.83,1,0,Northeast
691,59,33.6,0,0,Midwest
692,47,71.28,1,1,South
693,55,61.93,1,1,South
694,56,95.8,3,1,West
695,6,43.5,3,1,West
696,15,58.46,0,1,West
697,43,86.97,2,0,Northeast
698,35,77.87,2,0,West
699,3,49.56,0,0,South
700,6,63.36,0,1,West
701,31,60.03,3,0,Northeast
702,37,64.23,1,1,Northeast
703,10,49.52,3,0,Midwest
704,11,58.66,2,0,West
705,8,36.03,2,1,Midwest
706,34,62.03,2,0,South
707,1,66.75,1,1,South
708,34,56.59,3,1,South
709,29,35.77,2,1,South
710,28,74.83,1,0,South
711,41,65.47,3,1,West
712,31,49.11,2,1,West
713,43,55.79,2,0,Northeast
714,46,37.49,0,1,South
715,55,44.62,0,0,Northeast
716,48,51.93,0,0,South
717,31,78.43,2,0,Midwest
718,30,50.41,1,1,South
719,14,69.6,1,1,South
720,36,51.93,1,0,West
721,9,63.72,1,0,Midwest
722,55,57.88,2,1,South
723,50,73.1,0,1,West
724,8,51.98,3,1,West
725,47,36.41,1,0,West
726,7,39.27,2,0,South
727,43,52.02,1,0,West
728,6,41.26,1,1,Midwest
729,29,66.15,2,1,West
730,39,53.01,1,1,Midwest
731,43,95.62,2,0,West
732,25,33.93,1,1,Northeast
733,55,63.05,1,1,Midwest
734,46,43.08,0,0,West
735,13,52.6,2,0,South
736,40,62.12,2,1,Northeast
737,44,25.12,3,1,Northeast
738,20,63.55,1,1,Northeast
739,44,88.54,1,0,Midwest
740,54,53.2,1,0,Midwest
741,49,63.9,3,1,Midwest
742,45,75.37,1,1,Midwest
743,38,57.54,4,0,Northeast
744,16,51.29,1,0,West
745,47,25.86,0,0,Northeast
746,22,69.61,1,1,Northeast
747,32,58.3,3,0,Northeast
748,19,44.81,3,0,South
749,19,61.9,0,1,Northeast
750,10,51.24,2,1,West
751,57,52.07,1,0,Northeast
752,9,69.09,2,0,South
753,6,39.92,3,0,Northeast
754,56,75.71,1,0,West
755,33,39.03,2,0,Northeast
756,26,50.06,0,1,South
757,44,88.84,1,0,West
758,23,76.91,4,1,South
759,8,61.46,3,0,West
760,44,45.89,1,1,West
761,11,52.06,2,1,South
762,33,61.1,2,1,Northeast
763,56,60.56,1,1,West
764,56,58.64,0,0,Midwest
765,22,59.54,1,1,Midwest
766,47,56.78,1,1,South
767,37,38.37,1,0,West
768,29,52.25,0,0,South
769,9,73.72,2,1,Midwest
770,23,39.47,2,0,Northeast
771,39,57.16,1,1,Midwest
772,59,47.7,1,1,Midwest
773,1,61.67,2,0,West
774,43,54.17,1,1,Northeast
775,50,82.16,1,1,Northeast
776,57,67.6,1,0,Midwest
777,26,40.32,1,1,Midwest
778,7,70.07,0,0,Northeast
779,16,48.38,3,0,Midwest
780,51,51.35,1,1,West
781,52,64.71,1,1,West
782,38,52.62,1,0,South
783,8,73.39,2,0,West
784,8,48.38,0,0,West
785,29,50.72,3,0,West
786,35,50.15,1,0,Northeast
787,2,51.52,1,1,Northeast
788,41,76.49,1,0,Northeast
789,33,69.43,1,0,Midwest
790,1,85.65,2,0,Midwest
791,6,94.01,5,1,Midwest
792,27,44.54,1,1,South
793,43,61.06,1,1,West
794,49,42.36,0,0,South
795,26,48.34,1,1,West
796,18,50.55,2,1,Midwest
797,58,44.14,1,1,Midwest
798,28,44.22,2,1,South
799,19,57.84,0,1,Northeast
800,27,41.75,1,1,South
801,1,72.63,2,1,Midwest
802,18,46.23,1,1,South
803,31,102.14,2,1,South
804,55,53.23,1,1,West
805,44,61.08,2,0,Northeast
806,47,40.57,2,1,Northeast
807,33,85.59,0,0,West
808,7,76.79,0,1,West
809,24,64.45,1,0,West
810,59,39.8,3,1,South
811,3,63.16,1,1,West
812,52,43.18,1,1,West
813,41,81.94,3,0,South
814,17,72.14,1,1,West
815,46,61.43,2,1,West
816,50,23.45,2,0,West
817,3,45.25,3,0,South
818,7,70.32,2,1,Midwest
819,40,78.19,2,1,Midwest
820,59,76.64,5,1,South
821,2,36.12,1,0,West
822,40,64.52,0,0,South
823,9,75.23,3,1,Midwest
824,39,35.12,1,1,South
825,37,59.88,1,1,South
826,6,64.11,3,0,South
827,41,55.49,3,0,West
828,53,32.22,2,0,West
829,51,55.11,2,1,South
830,2,55.09,0,1,West
831,15,57.78,1,0,Midwest
832,15,51.55,3,0,South
833,27,53.35,1,1,Northeast
834,9,59.4,2,0,South
835,51,66.64,0,0,Northeast
836,46,55.43,1,0,South
837,48,53.86,2,1,Midwest
838,12,61.39,4,1,West
839,1,31.19,2,1,South
840,54,67.16,0,0,Northeast
841,18,59.99,1,1,Midwest
842,39,60.6,0,1,West
843,54,74.41,0,0,West
844,3,30.71,1,1,South
845,1,30.39,1,0,South
846,1,64.11,2,1,West
847,10,59.89,2,1,West
848,4,62.55,2,1,South
849,49,53.07,2,1,Midwest
850,36,69.97,1,1,Midwest
851,58,73.99,0,1,Midwest
852,48,67.26,0,0,South
853,57,56.09,0,0,South
854,15,28.38,0,1,West
855,17,71.54,2,0,West
856,51,78.33,1,1,South
857,15,69.67,1,1,South
858,4,46.81,1,0,West
859,40,70.11,3,1,West
860,48,72.91,1,0,South
861,58,83.38,4,0,Midwest
862,55,46.86,2,1,West
863,8,56.6,0,0,South
864,46,71.21,0,0,West
865,50,60.86,1,0,West
866,42,43.24,0,1,South
867,49,66.22,0,0,West
868,50,68.68,1,0,West
869,27,61.32,0,0,Northeast
870,3,63.29,1,1,West
871,27,56.12,3,0,South
872,12,82.17,1,0,Northeast
873,7,46.49,1,1,Northeast
874,8,51.19,0,1,Northeast
875,42,60.16,1,1,Midwest
876,30,73.18,0,0,Northeast
877,32,37.54,2,0,West
878,44,40.35,0,0,Midwest
879,33,29.43,0,0,West
880,38,60.49,1,0,South
881,6,43.23,2,1,Northeast
882,51,54.23,2,0,Northeast
883,27,69.92,0,1,Northeast
884,10,50.38,2,1,West
885,48,63.47,1,0,Northeast
886,44,55.51,1,1,South
887,4,70.08,2,1,Midwest
888,12,67.13,0,0,West
889,1,49.62,2,0,West
890,16,57.47,2,1,Northeast
891,6,75.66,3,0,Midwest
892,42,65.9,0,0,South
893,31,39.05,2,0,Northeast
894,58,69.83,2,0,Midwest
895,45,43.73,3,0,West
896,37,81.19,5,1,Midwest
897,31,75.36,2,1,West
898,4,64.35,4,1,West
899,5,62.36,0,1,Northeast
900,37,56.86,0,1,Midwest
901,1,70.18,2,1,South
902,3,54.44,2,0,South
903,13,63.53,5,0,South
904,53,73.08,1,0,South
905,28,51.57,3,1,West
906,42,50.76,0,1,South
907,25,42.08,2,1,Northeast
908,11,44.03,0,0,West
909,22,32.57,1,0,West
910,6,70.95,1,0,South
911,46,87.13,2,0,Northeast
912,11,81.38,0,1,Midwest
913,23,35.61,2,0,Northeast
914,58,70.87,0,1,West
915,35,81.33,2,1,South
916,28,53.15,0,0,Northeast
917,33,61.52,0,1,Midwest
918,47,29.88,3,0,South
919,16,64.0,2,0,West
920,38,44.05,0,1,South
921,52,62.99,2,1,South
922,34,36.58,2,0,Northeast
923,27,68.14,1,1,West
924,9,75.37,2,0,Midwest
925,15,48.25,0,0,South
926,56,42.95,3,0,Northeast
927,32,27.66,6,0,West
928,18,56.0,1,1,South
929,25,51.28,2,1,Northeast
930,35,36.73,0,1,South
931,32,66.8,6,1,Midwest
932,42,53.25,0,0,West
933,16,43.86,1,1,Midwest
934,39,51.68,3,0,West
935,27,76.07,1,1,West
936,56,69.04,1,1,Midwest
937,10,58.05,2,1,West
938,9,69.29,1,1,West
939,28,42.59,0,0,South
940,30,60.49,0,1,West
941,41,62.21,3,1,West
942,24,52.95,2,0,South
943,54,66.53,1,1,Northeast
944,28,48.29,2,1,South
945,8,67.65,1,0,West
946,8,68.28,1,1,West
947,58,16.24,2,0,South
948,8,77.85,0,1,South
949,56,14.29,1,0,Midwest
950,17,50.76,2,0,Northeast
951,6,75.38,0,1,Northeast
952,18,55.24,2,1,South
953,37,38.01,1,1,South
954,26,43.59,1,0,Northeast
955,47,75.4,2,1,West
956,37,31.18,6,0,South
957,24,76.93,2,1,Northeast
958,38,59.17,1,0,West
959,58,42.11,1,1,West
960,25,51.25,1,1,Midwest
961,10,44.74,0,0,Midwest
962,25,72.99,4,0,Northeast
963,50,70.99,2,1,Midwest
964,13,34.21,1,1,South
965,56,53.95,2,0,Northeast
966,35,47.05,2,1,Northeast
967,36,79.4,1,0,South
968,19,39.75,0,1,Northeast
969,55,84.06,1,0,South
970,3,59.5,0,0,West
971,18,42.57,1,1,South
972,25,49.84,2,1,Midwest
973,29,47.98,1,0,Midwest
974,28,40.88,1,0,South
975,9,61.42,1,0,Midwest
976,14,41.58,1,0,West
977,6,27.29,1,1,Northeast
978,34,54.3,2,0,South
979,21,32.96,0,1,South
980,34,48.72,1,0,Northeast
981,35,46.36,3,0,South
982,42,46.93,2,1,South
983,33,90.01,1,0,Northeast
984,39,60.85,2,0,Midwest
985,35,63.68,2,0,Northeast
986,39,33.35,1,0,South
987,37,50.19,1,1,West
988,19,63.23,2,1,West
989,15,44.63,0,0,Northeast
990,47,73.62,2,0,Northeast
991,21,41.96,0,0,Northeast
992,33,55.7,2,0,West
993,12,51.21,0,0,Northeast
994,26,62.46,1,0,Northeast
995,32,50.39,0,1,Northeast
996,37,55.94,0,0,Midwest
997,32,56.46,2,1,South
998,22,48.98,2,1,Midwest
999,57,67.28,2,0,West
1000,31,63.58,4,0,South
1001,48,58.67,3,0,West
1002,44,53.54,2,0,West
1003,33,71.95,3,0,West
1004,53,56.46,1,1,Midwest
1005,8,55.4,3,0,West
1006,55,61.57,1,0,Northeast
1007,51,85.45,1,1,Northeast
1008,30,39.89,2,1,Northeast
1009,44,71.55,2,1,Midwest
1010,31,31.6,2,1,West
1011,16,63.26,0,0,South
1012,48,83.63,2,0,South
1013,15,67.33,0,0,West
1014,19,62.56,0,0,Northeast
1015,31,51.59,1,0,Midwest
1016,50,60.47,0,0,Northeast
1017,23,56.22,2,0,West
1018,30,48.21,0,0,Midwest
1019,3,55.65,5,1,Midwest
1020,7,62.98,2,0,West
1021,4,48.49,2,0,South
1022,5,47.91,2,1,Northeast
1023,52,39.6,2,1,South
1024,50,65.86,3,0,Midwest
1025,49,68.18,2,0,South
1026,4,63.47,0,0,Midwest
1027,5,74.48,4,0,Midwest
1028,17,61.32,2,0,Northeast
1029,34,65.88,0,1,South
1030,20,64.56,2,1,Midwest
1031,29,58.63,1,0,Midwest
1032,11,52.04,3,1,Northeast
1033,44,93.21,1,1,South
1034,19,53.22,2,0,West
1035,4,50.01,3,0,Northeast
1036,44,66.51,1,1,South
1037,54,63.78,0,0,Midwest
1038,1,38.93,1,0,Northeast
1039,26,76.84,0,0,Northeast
1040,49,58.59,1,1,Northeast
1041,42,43.34,1,0,Midwest
1042,51,77.83,2,1,Northeast
1043,25,69.39,2,0,Northeast
1044,22,41.03,1,1,Northeast
1045,42,86.66,0,0,South
1046,10,69.88,1,0,Midwest
1047,15,59.85,3,0,West
1048,36,83.85,1,0,Northeast
1049,40,62.39,2,1,South
1050,8,59.58,2,1,Northeast
1051,30,50.1,1,0,South
1052,22,68.73,1,0,South
1053,30,67.15,2,0,West
1054,57,60.22,3,0,Midwest
1055,5,48.15,3,0,South
1056,59,61.95,2,1,West
1057,27,58.95,2,0,West
1058,46,40.0,2,1,South
1059,26,37.92,0,0,West
1060,19,68.48,0,1,South
1061,46,20.97,3,1,Midwest
1062,41,63.08,3,1,Midwest
1063,9,52.83,0,1,West
1064,42,79.62,2,1,Midwest
1065,45,52.6,1,0,South
1066,23,69.89,0,0,South
1067,55,54.05,2,0,Midwest
1068,38,61.71,2,1,West
1069,20,71.05,4,1,Northeast
1070,1,53.06,0,1,Northeast
1071,40,74.95,0,0,Northeast
1072,13,45.09,2,1,Midwest
1073,45,64.42,0,0,South
1074,31,73.84,1,0,West
1075,28,69.9,0,1,Northeast
1076,10,88.75,4,0,West
1077,42,48.55,2,0,Midwest
1078,10,39.31,3,1,Northeast
1079,25,45.08,4,1,South
1080,50,69.91,5,0,Northeast
1081,55,67.47,0,0,Midwest
1082,59,61.53,3,0,West
1083,57,43.16,3,0,West
1084,33,71.5,1,1,West
1085,12,41.63,1,1,West
1086,50,77.38,0,1,Midwest
1087,48,102.86,0,1,West
1088,59,65.5,4,0,West
1089,39,68.75,2,0,Midwest
1090,9,52.61,3,0,South
1091,30,32.85,1,1,South
1092,27,50.96,0,0,West
1093,50,43.61,3,0,Northeast
1094,24,38.29,4,1,South
1095,20,85.84,4,1,Midwest
1096,5,64.09,2,0,Midwest
1097,50,65.7,0,0,Northeast
1098,45,55.36,4,0,Midwest
1099,3,57.41,1,0,West
1100,26,74.47,3,0,Midwest
1101,29,59.51,3,1,West
1102,28,67.96,2,0,West
1103,55,57.06,4,0,Midwest
1104,9,54.87,1,0,West
1105,19,38.9,3,0,Midwest
1106,11,30.33,0,0,West
1107,15,56.08,1,0,South
1108,54,60.85,1,1,West
1109,56,40.71,3,0,West
1110,3,59.48,2,0,Northeast
1111,38,60.81,0,1,West
1112,14,27.66,3,0,Midwest
1113,12,46.27,1,0,South
1114,18,66.11,1,0,Midwest
1115,12,65.81,3,0,Midwest
1116,29,42.69,0,0,West
1117,59,62.38,3,1,Midwest
1118,35,75.34,1,0,Northeast
1119,43,71.66,3,1,South
1120,30,58.57,1,0,Northeast
1121,1,52.98,0,1,South
1122,5,50.56,3,0,Northeast
1123,16,67.02,2,0,Midwest
1124,15,62.93,0,0,South
1125,50,69.44,1,1,South
1126,50,61.98,0,1,Northeast
1127,51,72.28,0,0,South
1128,38,61.42,0,0,Midwest
1129,33,71.77,2,0,West
1130,39,73.06,1,1,Northeast
1131,25,47.93,1,0,Midwest
1132,40,32.88,3,1,Northeast
1133,47,83.15,1,0,South
1134,46,63.85,1,0,West
1135,37,34.28,4,1,South
1136,4,49.29,1,0,Midwest
1137,43,71.58,2,0,West
1138,22,55.8,1,0,Midwest
1139,44,52.32,0,1,South
1140,32,81.01,4,0,West
1141,52,44.29,1,0,South
1142,20,48.03,1,1,Northeast
1143,55,63.17,1,1,West
1144,50,65.86,1,0,West
1145,20,67.45,3,0,West
1146,29,73.67,1,1,South
1147,32,62.98,2,0,Northeast
1148,46,67.34,0,0,Northeast
1149,41,56.11,3,1,West
1150,51,60.94,2,1,Midwest
1151,22,61.61,1,0,West
1152,30,63.23,1,1,Midwest
1153,26,71.59,3,1,Midwest
1154,54,68.33,1,1,South
1155,18,60.66,1,0,Northeast
1156,35,47.86,1,1,Northeast
1157,8,61.02,2,1,West
1158,51,59.58,1,1,West
1159,23,62.9,1,1,Midwest
1160,21,93.1,2,0,Midwest
1161,35,52.14,0,0,Midwest
1162,30,66.33,2,0,South
1163,51,76.03,0,1,South
1164,32,61.47,1,0,Northeast
1165,31,95.07,1,0,South
1166,7,54.33,2,0,Midwest
1167,2,64.86,2,0,West
1168,24,48.02,3,1,Midwest
1169,59,54.73,2,1,Northeast
1170,55,63.73,2,0,Northeast
1171,38,72.69,2,1,Midwest
1172,38,64.79,1,0,West
1173,24,78.89,2,1,West
1174,11,58.58,0,1,West
1175,1,55.02,4,0,South
1176,20,100.56,4,0,South
1177,19,65.91,0,1,South
1178,12,49.21,1,1,West
1179,16,49.59,0,1,Midwest
1180,2,45.86,4,0,West
1181,36,74.05,2,0,Midwest
1182,55,54.53,1,1,South
1183,41,61.91,0,1,Midwest
1184,27,59.05,0,1,South
1185,25,70.97,5,0,Midwest
1186,19,47.3,3,0,South
1187,9,43.87,0,1,Midwest
1188,36,63.36,1,1,Midwest
1189,34,69.01,1,1,West
1190,1,64.99,0,0,South
1191,25,47.86,0,1,Northeast
1192,17,70.16,4,1,South
1193,11,48.84,1,1,South
1194,42,52.18,0,1,Northeast
1195,32,45.84,3,1,West
1196,38,79.52,1,0,Northeast
1197,43,69.5,1,1,West
1198,58,69.07,2,1,South
1199,48,78.71,1,1,Northeast
1200,37,102.19,0,1,Northeast
1201,52,34.36,0,0,Midwest
1202,29,48.92,4,1,Northeast
1203,59,50.76,0,1,South
1204,45,47.24,1,1,West
1205,39,43.84,2,1,West
1206,54,55.51,1,1,Northeast
1207,31,41.75,1,0,Northeast
1208,43,65.03,0,0,Northeast
1209,17,60.78,0,1,Midwest
1210,57,67.22,3,1,Midwest
1211,37,67.62,0,0,Northeast
1212,47,69.05,1,1,West
1213,28,54.4,0,0,Northeast
1214,52,91.82,1,0,South
1215,5,63.52,0,1,South
1216,7,32.06,2,0,Midwest
1217,30,44.96,2,0,Northeast
1218,44,33.89,0,0,South
1219,48,60.26,3,0,West
1220,26,58.17,0,0,South
1221,39,52.97,2,0,Northeast
1222,33,90.16,1,0,West
1223,57,68.23,5,0,South
1224,39,70.89,2,0,West
1225,25,46.03,1,1,South
1226,58,45.01,3,1,Northeast
1227,7,60.55,0,0,Midwest
1228,59,62.6,1,0,West
1229,10,32.16,0,1,West
1230,18,57.3,2,0,South
1231,49,60.21,0,0,Northeast
1232,44,56.77,1,1,Midwest
1233,58,47.8,0,1,Northeast
1234,45,51.91,1,0,Midwest
1235,38,57.35,1,1,West
1236,21,61.36,1,0,South
1237,1,69.07,1,0,Northeast
1238,8,76.21,1,1,Midwest
1239,18,55.58,0,1,Northeast
1240,3,53.16,1,1,South
1241,30,66.56,0,0,Midwest
1242,46,69.16,0,1,South
1243,57,53.49,3,1,Midwest
1244,29,71.86,3,0,West
1245,52,74.69,2,1,Northeast
1246,59,79.38,1,0,Midwest
1247,51,86.67,1,0,South
1248,28,47.0,0,1,South
1249,20,60.21,3,1,West
1250,58,60.17,3,1,South
1251,15,58.53,1,0,Midwest
1252,25,50.26,3,1,South
1253,5,37.72,1,0,Midwest
1254,47,61.39,3,1,Northeast
1255,39,48.47,1,0,West
1256,6,61.29,3,0,West
1257,14,48.09,2,1,Midwest
1258,33,43.51,3,0,West
1259,32,63.51,0,0,West
1260,48,62.26,1,1,South
1261,16,68.69,2,0,Northeast
1262,55,92.79,3,1,South
1263,27,64.16,1,0,Midwest
1264,49,67.28,0,0,Northeast
1265,15,43.84,2,0,Midwest
1266,3,40.7,0,1,West
1267,4,83.74,1,0,Northeast
1268,22,46.15,2,0,South
1269,57,44.34,1,1,Midwest
1270,3,59.41,2,1,South
1271,22,58.65,1,0,South
1272,7,46.46,1,0,West
1273,55,55.43,0,0,West
1274,40,78.44,1,1,South
1275,45,47.91,1,0,West
1276,43,39.09,1,0,South
1277,39,74.14,3,0,Midwest
1278,46,67.38,1,1,West
1279,1,50.69,3,0,South
1280,52,36.27,1,1,Midwest
1281,44,48.83,0,0,Midwest
1282,44,59.18,1,0,West
1283,24,77.49,0,1,South
1284,48,44.45,4,1,Northeast
1285,23,58.73,1,1,South
1286,3,70.13,3,1,West
1287,54,24.28,0,0,Northeast
1288,14,75.51,1,1,West
1289,7,42.26,1,0,Midwest
1290,37,64.98,0,0,West
1291,14,63.7,3,1,Northeast
1292,51,76.27,1,1,West
1293,27,68.26,0,1,South
1294,1,24.34,1,1,West
1295,57,48.23,1,0,West
1296,31,62.07,0,1,South
1297,16,57.08,1,0,Northeast
1298,40,67.16,2,0,West
1299,32,71.84,2,1,West
1300,2,69.13,0,1,Midwest
1301,45,56.79,4,0,Northeast
1302,24,32.3,5,0,West
1303,42,53.17,3,0,West
1304,53,66.25,1,0,Midwest
1305,37,43.64,2,0,Midwest
1306,40,69.47,1,0,West
1307,16,73.63,3,1,South
1308,15,61.9,0,0,South
1309,25,14.04,2,1,West
1310,51,40.83,2,0,South
1311,31,88.29,3,1,West
1312,21,51.8,2,0,South
1313,46,30.24,1,0,Midwest
1314,51,78.53,2,1,West
1315,54,60.2,1,0,West
1316,18,76.57,3,1,Northeast
1317,42,64.15,1,1,South
1318,35,66.88,1,0,South
1319,27,65.45,5,0,West
1320,24,70.46,4,1,West
1321,7,94.16,4,0,West
1322,17,74.57,1,1,Midwest
1323,33,36.29,3,1,Midwest
1324,53,66.7,2,1,Northeast
1325,52,77.12,2,1,Northeast
1326,12,78.04,1,1,Midwest
1327,41,53.6,2,0,Midwest
1328,6,77.47,2,1,Midwest
1329,40,73.92,1,0,South
1330,21,98.59,2,1,South
1331,27,48.75,4,0,South
1332,43,52.39,2,1,West
1333,26,55.41,1,1,Midwest
1334,48,52.65,0,1,Northeast
1335,32,46.65,1,0,Midwest
1336,59,18.56,0,0,West
1337,38,53.48,3,1,West
1338,18,65.54,2,1,West
1339,46,52.6,1,1,Northeast
1340,25,89.03,1,1,West
1341,32,60.2,2,0,South
1342,9,79.37,1,1,Midwest
1343,8,63.92,0,1,West
1344,34,72.4,3,1,Northeast
1345,12,64.19,0,0,South
1346,59,80.53,1,0,Northeast
1347,51,60.84,3,0,Northeast
1348,42,67.44,2,0,Northeast
1349,44,65.49,0,1,South
1350,36,55.68,0,1,South
1351,4,66.07,1,1,South
1352,24,93.52,0,1,Midwest
1353,30,55.94,1,1,West
1354,55,66.29,0,1,Midwest
1355,13,78.87,3,1,Midwest
1356,30,77.1,2,1,West
1357,21,60.18,4,0,Northeast
1358,8,24.25,0,1,Northeast
1359,7,67.75,3,1,Midwest
1360,22,26.71,1,1,Midwest
1361,5,82.05,1,1,Northeast
1362,4,62.54,3,0,Midwest
1363,21,75.0,2,1,South
1364,12,46.47,2,1,South
1365,33,36.71,2,0,Midwest
1366,2,63.91,4,0,Northeast
1367,18,59.5,2,1,West
1368,27,52.63,0,1,West
1369,57,61.27,2,1,South
1370,38,101.51,2,0,South
1371,52,72.52,4,1,Northeast
1372,21,75.74,1,1,South
1373,27,72.66,2,1,West
1374,25,82.19,1,0,Northeast
1375,53,57.15,1,0,Midwest
1376,57,29.18,2,0,West
1377,57,57.17,2,1,South
1378,45,72.18,3,1,West
1379,30,45.45,1,0,Midwest
1380,32,57.35,3,1,Midwest
1381,58,49.62,0,1,West
1382,17,82.53,1,0,Northeast
1383,21,71.24,3,1,South
1384,53,69.77,2,1,Northeast
1385,23,69.32,0,0,Midwest
1386,14,59.44,1,0,South
1387,34,62.96,2,0,Northeast
1388,20,42.22,1,0,West
1389,53,27.2,2,0,Northeast
1390,54,62.25,0,0,West
1391,19,64.86,1,1,Northeast
1392,32,78.14,0,1,South
1393,59,83.57,3,0,South
1394,44,83.55,2,1,West
1395,13,45.03,2,0,South
1396,35,54.72,2,1,South
1397,37,67.21,2,1,Northeast
1398,39,97.98,0,1,Northeast
1399,2,82.2,0,0,Midwest
1400,18,76.79,2,1,Midwest
1401,51,54.18,1,1,Midwest
1402,15,46.75,1,1,Midwest
1403,18,71.83,0,0,West
1404,20,43.49,3,1,West
1405,11,56.42,3,0,Northeast
1406,10,58.28,3,0,Midwest
1407,21,83.89,4,0,Midwest
1408,52,54.68,3,0,South
1409,1,23.41,1,0,South
1410,17,67.57,0,0,Midwest
1411,4,49.51,3,1,Northeast
1412,34,60.64,4,1,West
1413,15,58.7,1,0,Midwest
1414,47,55.89,0,1,West
1415,35,71.86,1,1,South
1416,47,37.01,0,0,West
1417,38,52.24,1,0,Northeast
1418,26,70.26,1,1,South
1419,51,50.79,1,0,West
1420,29,35.87,0,1,South
1421,57,70.03,0,1,Midwest
1422,59,76.85,1,0,South
1423,35,59.33,1,0,West
1424,40,30.59,1,0,South
1425,16,70.59,2,1,West
1426,49,35.1,2,0,West
1427,40,64.63,0,1,South
1428,54,46.69,1,0,South
1429,16,42.6,3,1,Midwest
1430,47,53.37,2,1,West
1431,28,57.25,3,0,Midwest
1432,11,50.34,0,1,Northeast
1433,11,68.83,3,0,South
1434,34,53.31,1,0,West
1435,19,74.7,2,1,Northeast
1436,7,64.22,0,0,Midwest
1437,26,49.54,0,0,South
1438,39,47.01,2,0,West
1439,19,35.29,3,1,Midwest
1440,57,64.36,3,0,Northeast
1441,46,54.68,1,0,Midwest
1442,31,24.42,1,0,West
1443,56,51.96,2,0,West
1444,26,46.48,2,1,Northeast
1445,9,83.64,2,1,Northeast
1446,3,34.46,2,1,West
1447,56,38.38,0,0,Northeast
1448,57,76.65,2,1,Northeast
1449,44,80.35,3,0,Midwest
1450,7,48.83,1,0,South
1451,18,50.52,3,0,Midwest
1452,3,69.24,2,1,West
1453,4,25.09,3,0,South
1454,15,32.08,1,0,West
1455,34,55.79,2,1,Midwest
1456,4,83.25,2,0,Midwest
1457,59,53.46,2,1,West
1458,27,61.51,2,1,Northeast
1459,16,77.01,0,0,South
1460,31,91.6,2,1,Northeast
1461,47,51.35,5,1,South
1462,19,59.75,1,0,West
1463,3,87.33,1,0,Midwest
1464,4,37.17,1,0,Midwest
1465,51,75.41,0,0,Northeast
1466,7,44.73,2,1,West
1467,38,61.54,4,0,South
1468,23,56.36,1,1,West
1469,46,45.63,2,1,Northeast
1470,4,45.25,2,1,South
1471,53,64.15,0,0,Midwest
1472,42,74.93,0,0,Midwest
1473,27,58.05,0,0,Midwest
1474,13,61.05,2,0,West
1475,58,68.57,1,1,South
1476,18,45.43,2,0,Northeast
1477,29,71.1,1,1,West
1478,24,72.29,3,0,South
1479,14,99.05,0,0,South
1480,25,54.36,3,1,Northeast
1481,9,53.13,4,1,Northeast
1482,1,71.53,2,1,West
1483,18,72.29,2,1,West
1484,7,51.97,2,0,Northeast
1485,25,53.95,2,0,West
1486,51,68.12,1,1,South
1487,10,47.59,2,0,Northeast
1488,1,53.84,3,1,South
1489,7,61.34,2,1,West
1490,30,74.94,3,1,West
1491,17,50.93,1,0,South
1492,29,32.36,2,0,Northeast
1493,2,31.25,3,0,Midwest
1494,20,41.11,3,0,South
1495,25,40.3,1,1,Northeast
1496,26,57.68,0,0,Northeast
1497,33,42.17,1,1,South
1498,47,49.46,1,0,South
1499,28,48.39,0,1,Northeast
1500,50,53.39,4,0,Northeast
1501,32,79.84,2,1,Midwest
1502,16,69.93,3,0,South
1503,14,60.24,1,1,Midwest
1504,20,53.08,2,0,Northeast
1505,36,53.5,0,0,West
1506,15,64.92,6,0,West
1507,54,68.76,1,0,Midwest
1508,29,46.39,1,1,West
1509,51,60.55,0,0,South
1510,41,29.53,4,1,South
1511,20,63.18,0,1,Northeast
1512,14,71.43,1,0,South
1513,44,55.8,1,0,South
1514,20,87.25,0,1,South
1515,15,46.78,1,1,West
1516,55,63.26,0,0,South
1517,29,59.46,1,1,West
1518,3,58.5,1,0,South
1519,30,58.29,0,0,Northeast
1520,28,61.61,3,1,Northeast
1521,51,72.72,1,1,South
1522,42,80.67,1,0,Midwest
1523,12,59.97,0,1,Northeast
1524,9,72.23,2,0,Northeast
1525,36,49.47,0,1,Midwest
1526,3,71.49,3,0,West
1527,19,48.57,2,0,South
1528,9,76.36,3,1,South
1529,2,93.16,0,0,Northeast
1530,55,58.17,1,1,Northeast
1531,6,27.11,0,1,West
1532,1,51.78,1,0,Midwest
1533,56,78.48,3,1,Northeast
1534,12,68.3,2,0,Midwest
1535,49,63.73,4,1,Midwest
1536,2,75.13,4,0,Midwest
1537,10,67.27,3,1,Midwest
1538,7,78.27,3,1,South
1539,42,73.79,1,1,Midwest
1540,37,82.83,0,0,Midwest
1541,29,65.38,2,0,Midwest
1542,15,73.58,2,1,West
1543,6,55.39,3,1,Northeast
1544,34,50.98,2,1,Northeast
1545,14,85.6,1,0,Midwest
1546,35,63.24,2,0,West
1547,41,72.07,3,1,South
1548,51,61.86,4,1,South
1549,30,51.2,3,0,South
1550,1,60.16,1,0,South
1551,17,81.54,2,0,South
1552,51,68.33,2,0,West
1553,32,34.33,2,1,West
1554,37,56.77,3,0,West
1555,28,86.73,2,1,West
1556,10,56.79,0,0,Northeast
1557,53,32.99,1,0,South
1558,46,88.4,4,1,South
1559,59,70.24,2,1,South
1560,51,58.95,1,1,West
1561,18,54.43,0,1,West
1562,16,76.24,0,0,Northeast
1563,15,51.87,0,1,Midwest
1564,55,77.22,2,0,South
1565,33,68.13,3,1,Northeast
1566,27,63.67,5,1,West
1567,58,62.18,3,1,Northeast
1568,36,57.38,0,0,South
1569,54,75.68,1,0,Midwest
1570,59,47.02,1,0,Midwest
1571,5,35.67,1,1,West
1572,22,69.22,2,1,West
1573,44,69.47,0,1,West
1574,48,67.2,3,1,Northeast
1575,9,66.12,1,0,West
1576,19,55.19,2,1,Midwest
1577,33,71.81,2,1,West
1578,48,59.32,1,0,Midwest
1579,7,52.69,0,1,West
1580,36,55.32,0,0,Midwest
1581,18,90.31,1,1,South
1582,13,33.98,4,0,Northeast
1583,31,67.5,0,0,Midwest
1584,25,34.81,3,1,South
1585,38,58.38,1,1,South
1586,19,53.5,2,0,Northeast
1587,49,28.72,1,0,Northeast
1588,5,65.84,0,0,West
1589,51,54.3,2,0,South
1590,2,28.51,2,0,Northeast
1591,44,72.59,0,0,Midwest
1592,21,81.53,1,1,South
1593,23,82.35,4,1,Midwest
1594,2,65.38,2,1,Midwest
1595,42,60.69,1,0,West
1596,10,79.92,2,1,West
1597,39,85.24,1,1,South
1598,43,77.0,4,0,Northeast
1599,50,45.88,3,1,South
1600,42,63.02,0,1,West
1601,18,66.59,1,0,West
1602,44,32.86,4,0,South
1603,49,67.04,1,0,West
1604,19,94.09,1,0,South
1605,8,69.6,1,0,Northeast
1606,53,82.1,1,0,West
1607,9,62.74,1,0,South
1608,36,58.9,2,1,Northeast
1609,14,65.72,0,0,Midwest
1610,8,47.76,4,0,Northeast
1611,46,45.54,3,0,Northeast
1612,9,78.99,2,1,Midwest
1613,40,80.59,4,1,Midwest
1614,41,45.13,2,0,South
1615,4,74.52,2,1,South
1616,11,58.7,1,0,Midwest
1617,47,65.1,1,0,West
1618,30,66.9,1,1,South
1619,8,74.92,0,1,West
1620,59,61.24,3,1,West
1621,16,81.15,3,1,West
1622,1,64.64,3,0,Midwest
1623,55,69.36,6,1,West
1624,1,47.5,0,1,Midwest
1625,33,92.38,2,0,West
1626,59,67.05,4,0,Midwest
1627,35,70.69,1,1,Northeast
1628,35,35.88,3,0,Midwest
1629,23,47.66,1,0,South
1630,8,78.57,0,1,West
1631,34,64.3,3,0,West
1632,53,31.29,2,1,Northeast
1633,6,75.57,0,1,South
1634,52,51.84,1,0,West
1635,25,81.17,1,0,South
1636,32,58.68,2,0,West
1637,10,63.07,4,1,West
1638,37,77.68,3,1,Midwest
1639,11,46.54,1,0,South
1640,17,45.11,3,0,South
1641,43,57.05,0,1,Northeast
1642,3,72.41,0,1,West
1643,27,40.04,3,1,West
1644,36,34.98,2,1,South
1645,8,72.36,2,0,Northeast
1646,18,50.96,0,1,South
1647,21,54.12,1,1,South
1648,40,32.15,1,0,West
1649,58,49.82,1,1,Northeast
1650,50,59.89,0,1,Northeast
1651,12,73.96,1,1,South
1652,2,48.43,2,0,Midwest
1653,4,84.86,0,0,South
1654,36,49.73,2,0,South
1655,10,49.75,2,1,Northeast
1656,14,83.06,2,0,West
1657,50,63.17,5,0,South
1658,52,51.72,3,0,South
1659,50,57.67,3,0,Midwest
1660,15,80.3,3,1,Northeast
1661,37,81.99,3,1,West
1662,37,47.75,1,1,West
1663,11,59.36,1,0,Northeast
1664,33,61.35,4,1,West
1665,31,45.21,1,1,Midwest
1666,24,59.16,2,1,Midwest
1667,45,60.08,3,1,South
1668,40,77.1,0,1,West
1669,32,78.11,0,0,Midwest
1670,43,55.06,3,1,Northeast
1671,46,56.79,1,1,Midwest
1672,34,69.96,1,1,South
1673,16,51.22,1,0,Northeast
1674,45,68.83,3,1,South
1675,43,58.68,3,1,Northeast
1676,59,45.46,3,1,Northeast
1677,9,45.65,0,1,South
1678,25,81.71,1,0,Northeast
1679,55,57.65,1,1,South
1680,31,84.61,1,1,Northeast
1681,56,52.3,1,0,South
1682,1,64.37,0,0,Midwest
1683,3,95.89,3,0,South
1684,47,44.14,0,0,Midwest
1685,22,31.53,0,0,Midwest
1686,31,79.3,3,1,Midwest
1687,26,47.6,2,1,Midwest
1688,25,59.69,1,0,Midwest
1689,56,51.21,3,1,South
1690,6,64.02,3,0,Midwest
1691,46,45.74,2,1,Midwest
1692,53,57.3,1,0,West
1693,39,66.75,1,0,Midwest
1694,24,44.88,1,0,Midwest
1695,10,49.5,1,1,Northeast
1696,41,54.79,0,1,Midwest
1697,28,38.57,0,0,West
1698,9,53.66,3,1,Midwest
1699,22,61.78,1,0,South
1700,57,54.01,1,0,West
1701,16,55.93,4,0,West
1702,11,59.7,0,1,Midwest
1703,41,50.16,0,1,Midwest
1704,12,70.37,3,1,Midwest
1705,55,81.54,4,1,West
1706,51,53.03,0,1,South
1707,59,67.28,2,0,West
1708,54,56.41,1,0,South
1709,15,65.48,1,0,South
1710,13,83.49,0,0,West
1711,21,67.63,2,0,Midwest
1712,28,33.4,0,0,West
1713,52,66.81,1,1,South
1714,44,78.49,0,0,Midwest
1715,39,56.68,1,1,Midwest
1716,52,74.93,3,1,West
1717,39,49.65,3,1,Midwest
1718,23,37.72,1,0,Midwest
1719,25,62.12,1,1,West
1720,31,33.65,3,1,Northeast
1721,6,56.4,2,1,Midwest
1722,44,79.3,3,1,West
1723,39,31.35,2,1,South
1724,44,40.81,0,0,Midwest
1725,32,44.52,0,1,Midwest
1726,47,59.05,1,0,South
1727,57,54.51,1,1,West
1728,34,80.99,1,1,South
1729,27,74.32,5,0,West
1730,7,67.43,0,1,West
1731,46,62.18,1,0,West
1732,54,65.9,1,0,West
1733,42,47.07,4,0,Midwest
1734,52,72.86,0,1,Northeast
1735,51,43.32,2,0,Northeast
1736,48,72.53,2,1,West
1737,30,77.79,1,0,Northeast
1738,6,63.16,4,1,South
1739,1,57.36,0,0,South
1740,13,66.0,2,0,Northeast
1741,26,17.08,0,1,Midwest
1742,44,64.53,2,1,Midwest
1743,27,58.3,1,1,South
1744,2,59.24,2,1,South
1745,13,70.6,2,1,South
1746,58,58.88,2,0,West
1747,59,42.9,1,0,Northeast
1748,23,57.88,4,1,Midwest
1749,48,61.01,2,1,Northeast
1750,43,61.72,0,1,Midwest
1751,55,62.43,0,0,West
1752,53,75.59,0,0,Northeast
1753,38,43.71,3,1,South
1754,24,62.64,3,1,West
1755,37,79.35,1,0,West
1756,19,33.98,2,1,West
1757,21,62.69,2,0,West
1758,36,51.22,4,1,Northeast
1759,34,54.44,1,0,West
1760,35,46.43,4,1,West
1761,23,57.46,1,1,Northeast
1762,25,87.62,0,0,Northeast
1763,1,41.03,1,1,West
1764,36,42.46,0,0,South
1765,34,40.47,0,0,South
1766,56,85.91,1,0,South
1767,30,53.06,2,1,Midwest
1768,28,59.62,0,1,Northeast
1769,4,53.96,0,0,Northeast
1770,12,45.83,1,0,South
1771,20,56.47,2,0,Northeast
1772,23,96.87,1,1,West
1773,22,80.88,2,0,South
1774,24,47.21,3,0,Northeast
1775,46,69.71,1,0,South
1776,8,47.53,0,0,Northeast
1777,20,33.35,0,1,Midwest
1778,10,75.29,2,1,Northeast
1779,19,77.4,1,0,Northeast
1780,41,75.69,2,1,South
1781,3,52.95,4,1,South
1782,21,57.5,1,0,South
1783,2,71.25,1,0,Midwest
1784,57,65.87,5,0,South
1785,43,54.1,1,1,Northeast
1786,15,35.71,2,0,West
1787,12,61.71,0,0,West
1788,6,76.19,1,0,Midwest
1789,28,42.04,1,1,Midwest
1790,45,69.58,2,0,South
1791,35,64.97,0,1,Midwest
1792,52,71.25,3,1,South
1793,21,73.08,5,0,West
1794,17,49.58,2,0,Midwest
1795,29,35.75,6,0,South
1796,12,52.0,0,0,Midwest
1797,58,73.34,3,0,South
1798,11,51.87,2,0,South
1799,29,49.59,2,0,Midwest
1800,31,32.68,2,0,Midwest
1801,4,86.29,1,0,Northeast
1802,28,72.39,0,1,Northeast
1803,27,71.55,1,1,West
1804,16,74.52,2,0,South
1805,8,68.65,4,0,Midwest
1806,3,56.34,0,0,West
1807,1,57.54,0,0,South
1808,29,53.59,3,1,West
1809,6,99.52,0,0,Midwest
1810,57,68.34,3,1,South
1811,15,53.04,1,1,Northeast
1812,39,66.98,1,1,Midwest
1813,40,44.84,2,0,Northeast
1814,30,82.57,1,1,Northeast
1815,53,50.08,1,0,Midwest
1816,7,67.52,2,1,West
1817,14,75.99,3,1,South
1818,15,65.77,1,1,West
1819,8,61.42,2,0,Northeast
1820,18,60.16,3,1,Midwest
1821,19,59.15,2,0,Northeast
1822,46,51.35,1,0,South
1823,18,53.26,7,0,Midwest
1824,52,82.19,3,1,Northeast
1825,46,58.37,1,1,Northeast
1826,54,48.21,1,1,Northeast
1827,7,52.26,1,1,West
1828,59,76.51,1,1,Midwest
1829,37,70.13,1,0,Northeast
1830,58,68.4,1,0,Northeast
1831,21,56.14,2,0,Midwest
1832,57,68.6,2,1,West
1833,35,50.35,1,0,Midwest
1834,5,56.11,3,0,South
1835,25,74.55,1,0,South
1836,9,73.11,0,1,Northeast
1837,56,45.27,3,0,West
1838,18,47.17,0,0,Midwest
1839,14,61.63,1,0,Midwest
1840,33,85.89,2,1,Northeast
1841,26,31.27,0,1,West
1842,6,64.17,1,1,West
1843,49,39.36,0,0,Midwest
1844,50,50.49,2,0,West
1845,44,54.53,1,1,South
1846,37,53.69,2,0,South
1847,24,51.99,0,0,South
1848,32,60.11,2,0,Northeast
1849,31,51.97,4,1,Midwest
1850,10,38.06,1,1,Midwest
1851,5,71.7,2,0,Midwest
1852,15,71.29,4,1,Northeast
1853,27,72.65,0,0,South
1854,10,36.89,1,1,West
1855,7,64.48,2,1,South
1856,51,70.14,1,0,South
1857,23,44.53,0,0,West
1858,35,60.14,3,1,South
1859,31,58.26,0,0,South
1860,44,87.63,0,1,West
1861,44,88.87,0,1,West
1862,18,35.03,3,0,South
1863,51,97.41,1,1,South
1864,22,46.27,2,0,South
1865,50,74.71,1,1,Midwest
1866,24,74.56,4,0,South
1867,7,45.06,1,1,Northeast
1868,45,67.4,1,0,West
1869,2,58.39,2,1,South
1870,46,68.31,2,0,West
1871,3,63.46,1,1,West
1872,13,77.95,2,0,Northeast
1873,36,61.13,1,1,West
1874,56,57.48,3,0,South
1875,25,76.44,0,0,South
1876,8,68.71,2,0,Northeast
1877,14,70.98,1,1,South
1878,53,50.03,3,0,South
1879,43,44.32,2,1,Northeast
1880,6,51.48,2,1,Northeast
1881,23,50.69,1,0,South
1882,16,71.79,1,1,West
1883,11,74.64,2,1,West
1884,50,57.67,2,0,Midwest
1885,37,81.46,1,1,South
1886,11,80.53,3,1,South
1887,39,63.65,0,0,Northeast
1888,25,47.67,1,1,West
1889,4,83.63,1,0,West
1890,27,59.08,1,0,West
1891,11,61.89,3,1,South
1892,15,54.91,1,0,South
1893,52,46.65,1,0,West
1894,42,37.97,2,0,Northeast
1895,8,69.49,1,1,Midwest
1896,51,48.25,0,1,South
1897,34,105.89,2,1,Northeast
1898,52,43.71,0,0,West
1899,45,41.14,0,0,Northeast
1900,21,67.65,2,0,Northeast
1901,32,82.94,0,0,Northeast
1902,32,60.97,1,1,West
1903,43,68.58,1,0,Midwest
1904,15,32.35,4,1,West
1905,20,49.84,0,0,Midwest
1906,15,43.9,2,0,Northeast
1907,18,31.57,1,1,Northeast
1908,10,61.75,1,1,Northeast
1909,3,26.36,3,0,Midwest
1910,56,40.17,0,0,Northeast
1911,5,51.94,2,0,Northeast
1912,53,47.53,0,1,Northeast
1913,1,65.95,2,1,Northeast
1914,46,64.58,4,1,South
1915,20,73.41,3,1,West
1916,31,71.29,1,1,Midwest
1917,17,77.11,5,0,Northeast
1918,29,59.97,3,0,Midwest
1919,27,64.55,3,1,West
1920,32,67.67,0,0,Northeast
1921,24,62.12,1,0,Midwest
1922,32,54.04,2,1,Northeast
1923,49,55.01,0,1,Midwest
1924,26,47.74,0,0,Midwest
1925,22,66.32,1,1,Midwest
1926,8,58.59,1,1,Midwest
1927,22,50.05,1,0,Midwest
1928,8,50.07,0,0,Midwest
1929,11,41.84,2,1,Northeast
1930,57,74.68,1,0,Midwest
1931,6,61.18,2,1,Midwest
1932,29,47.06,4,0,Northeast
1933,50,72.13,3,0,Midwest
1934,57,51.59,0,0,West
1935,9,38.9,1,0,West
1936,10,75.32,1,1,Midwest
1937,22,51.94,1,0,South
1938,33,53.87,3,0,Northeast
1939,57,60.62,0,0,West
1940,13,77.14,1,1,South
1941,10,60.3,1,1,Midwest
1942,15,42.01,6,1,Midwest
1943,52,68.16,4,1,Midwest
1944,2,52.73,6,1,Midwest
1945,23,88.32,1,1,West
1946,8,59.98,1,1,West
1947,10,26.47,1,0,South
1948,55,65.36,3,1,West
1949,1,89.17,0,1,Midwest
1950,19,83.64,5,1,West
1951,55,87.46,3,1,West
1952,36,44.7,0,0,West
1953,5,73.68,1,0,Midwest
1954,28,49.17,2,1,West
1955,58,63.36,0,0,West
1956,24,40.91,2,1,Midwest
1957,32,50.33,1,1,Midwest
1958,32,49.86,3,0,West
1959,39,73.48,2,0,West
1960,12,72.01,1,1,Northeast
1961,50,64.15,2,0,South
1962,59,39.74,0,0,West
1963,9,55.33,1,0,Midwest
1964,49,48.81,2,1,Midwest
1965,49,73.05,1,0,Northeast
1966,44,77.67,4,0,Northeast
1967,22,75.85,5,0,Northeast
1968,28,48.67,2,1,West
1969,50,18.91,1,0,Midwest
1970,10,33.5,3,0,Midwest
1971,49,81.32,0,0,South
1972,55,53.98,1,1,Northeast
1973,41,48.74,3,0,Midwest
1974,21,84.64,3,0,South
1975,33,78.98,3,0,Midwest
1976,3,60.37,1,1,West
1977,55,55.6,1,0,Midwest
1978,21,58.02,2,0,South
1979,4,63.41,1,1,Midwest
1980,47,84.0,1,1,South
1981,39,66.34,2,1,South
1982,37,70.89,1,0,Midwest
1983,4,77.54,3,1,Northeast
1984,45,42.45,0,0,West
1985,38,71.32,3,1,Northeast
1986,47,55.58,2,0,West
1987,49,22.26,1,0,Midwest
1988,13,28.08,2,1,Northeast
1989,13,44.73,0,1,South
1990,55,67.97,2,0,Midwest
1991,32,61.71,2,0,Northeast
1992,26,62.77,2,1,West
1993,17,89.26,2,1,South
1994,38,40.96,2,0,South
1995,45,59.59,4,1,West
1996,1,64.57,2,1,Northeast
1997,33,48.96,2,0,Northeast
1998,59,60.42,1,0,West
1999,17,36.0,2,0,West
2000,17,81.15,1,0,West
